PSr5_EAD5RU	1668	I Made $2.35M In 12 Months Trading 1hr/day, Here's Exactly How.
_RwkzBaM3z0	1708	I Marked EVERY Trap In One Week Of Price Action
19_RzJ41RtQ	1300	Why Every Break Of Structure You Trade Is A Trap (Full Guide)
19NYYDW_Fbg	1612	Become Profitable Trading ANY Strategy, Here's How.
O3Jn0U0ftgM	1184	The 5 Minute Scalping Setup That Made Me The Most Money
kpZc0G8Rfxg	1318	Liquidity Trading Isn't Hard, It's Misunderstood
34p7RIdBR24	2011	This Simple "Prime Setup" Scalping Strategy Will Fix Your Trading
Vh_o-C5qwF8	2419	Top Down Analysis Isn't Hard, It's Misunderstood
q4HlM5MsI8E	1846	What $10B Bank Traders Taught Me About "Real Smart Money" Trading
6AF2O7jdXhs	1962	EVERY Strategy Works, Until It Doesn't (here's why)
C0Tqm-7Hsnk	1817	I built a strategy to start trading with only $100 (full course)
qFFwHF_CQrI	3076	One Week, 7% Gain, Every Single Trade Shown (Step By Step)
t2SOoqoRug8	1466	My Simple "1 Hour Impulse" Scalping Strategy (70% Win Rate)
5pY4xFEM49U	1593	This 1 Minute Strategy Is The Easiest Way To Make Your First Payout FAST
trGOlMeTEXA	1813	My Simple 5 Step Scalping Strategy Fully Explained (With Backtested Results)
Vhx6hq2m9lM	1655	The 2 Trading Emotions Behind Every Blown Account (& How To Beat Them)
OW15UMELoDs	2246	The Mental Game Of Trading, And How To Beat It.
txN20eHmPwc	1870	You are 31 minutes away from fixing your trading psychology forever
7MvrEWZXtow	2668	You're Trading Prop Firms Wrong (And You Don't Even Know It)
Zo18cREbZ6o	1225	Prop Firms Are Going to Slowly Implode. Here's What That Means For You.
R2ZUyc_LOr0	2261	5 Steps, 1 Timeframe, 13 Minutes Per Trade (My Full Trading System Explained)
G3T0ybZIeKo	2158	The Iran War Wiped Out My Confidence in Everything I Own. Except My Trading.
tXVNnNjtnfg	1837	I Analyzed 27 Prop Firm Millionaires. This is Their Full Blueprint.
MvBDuDMLJqY	2146	My FOOLPROOF method to get your first prop firm payout (Regardless of equity curve)
1E7F5QqXHF8	1652	I interviewed EVERY prop firm trader with $1M in payouts, here’s what they do differently.
_B6fUdIb3xg	2918	I built a strategy that has a 100% SUCCESS RATE in prop firms (Watch me trade it)
4R6yZ1BGakM	1718	100% Pass: My Foolproof Method To GUARANTEE Passing Prop Challenges
uMWY6SdVoTs	1348	How to actually outperform 95% of traders (According to wallstreet traders)
8FXbZRS4Gq4	1937	I interviewed EVERY prop firm millionaire. Here’s exactly how they did it.
rS9qwwpsW8E	1436	I spoke to 3 Trading Algorithm Engineers, here's the truth about "traps"
mF0quxRXACo	1305	I spent 10 years building this trading system, here's everything n 21 minutes
RMZHD3dYizw	2058	If You Know A lot But See No Results As A Trader, Please Watch This.
4prrtSOu6Mk	1520	I filmed 12 podcasts with the best traders in NYC, here's the BTS
CWjMPBZLrdU	1443	Here's a realistic roadmap to find profitability in 2026
r9HR8ocWjN4	1512	I have been trading for 10 years, here's how my strategy looks like now
6GzPGnSk2ZM	1683	If I Had To Create A Trading Strategy From Scratch, I’d Do This
67coFhxU-gE	1534	This “Hidden Sweep” Strategy Will Change Your Trading 
WscZcyiDRIo	1770	If you have a good strategy but struggle with psychology, please watch this.
rIdet0o7jJc	1549	Why trading AGAINST the trend can actually be more profitable
eYryf9H4-mk	940	If You're An Ambitious Trader In Your 20s or 30s, Please Watch This.
TyY3vzpHfUI	1845	I Always Wait For THIS Before Placing A Trade (Full Checklist)
tYo_ahor0hc	1474	Smart Money Concepts Are Now A Trap, Here's The Proof...
-W1APEaCmE8	1422	This Simple Trend Continuation Strategy Will Change Your Trading
SGXsH7w1-fE	1929	My Entire Trading Strategy Explained Step-By-Step
OKHdJ_wnEyQ	1912	My Boring 1 Minute Trading Strategy That Made 9.5% Last Week
FQP017ebNxY	1369	The One Lesson I Actually Wish I Learned Sooner
pWqb5XqFlXk	1774	Laziest Way To Make Money Scalping As A Beginner (Full Strategy)
9MuwArAU87c	1115	I Interviewed A Trader Who Made 11,000%, Here's What He Told Me
zX1-MAF-5II	1688	I Tried 10 Different Trading Strategies, Here’s What Actually Worked
Md3ENiPbJH8	1918	Simplest Market Structure Strategy To Get Funded In 2025 (Full Guide)
UND3VoXR39E	1130	Why Every Trader Needs To Know This One Candle
Po4kUzOZEsU	1625	This Scalping Strategy Is Boring, But It Made Me $44,000 Last Month (With Examples)
8qEjyNtTJ8c	1613	This Simple Top Down Analysis Strategy Will Change Your Trading (Step By Step)
sjH-GJmb-SQ	1286	The Complete Guide To Reading Market Direction In 2025
0H327hiW-OY	918	Master Liquidity Trading Concepts FAST In 15 Minutes
GGI7A8S7Lgk	1378	How I Make Money Even When The Market Goes Against Me
JjhNCV-rwog	1880	How 'Smart Money' Became The Dumbest Way To Trade
26drNHWmexQ	1559	Why This 69% Winrate Scalping Setup Is My New Go-To (Full Guide + Examples)
HR3pTCs27DY	1091	If Trading Psychology Was A Game, This Would Be The Cheat Code.
xfQc9ZbIGVg	1766	The Exact Supply Demand System That Made Me Profitable (Full Guide)
Eg7Mu0JSW20	1783	This Scalping Strategy Made Me $91,731 In 2 Trades (Here's How)
3cPH5Ms7e_g	3387	My Exact 1 Minute Scalping Strategy For Prop Firms (Full Walkthrough)
66Va_gAMBWk	1157	6 Ways To Get Ahead Of 99% Of Traders (Step-By-Step)
kr-BMFWGXBc	1742	This Simplified Liquidity Guide Will Change Your Trading (Step By Step)
DHNlyoJIuuo	582	I Traded Inside The New York Stock Exchange… Here’s What I Learned
Qunkc2mmtQQ	1153	If You Don't Understand Your Trading Losses, Please Watch This.
MXcg6vrDiE4	988	I Make 10%/mo With This ONE Strategy (Full Breakdown & Results)
tXuGbjvwZaE	972	It's Simple, But It Made Me $32,272 In ONE TRADE (Full Breakdown)
A991NXao_Gw	1595	Best Trade Entry Strategy To Catch BIG Moves (2025 Blueprint)
xRaLyzdbQsA	1824	Why Your Market Structure Zones Keep FAILING (And What To Do About It)
8oQyQElX4XU	1322	The Only Trade Setup You Actually Need (5-Step Checklist)
nT29N-UxqR4	1492	The Ultimate Liquidity Concepts Trading Guide (With Trade Setups)
W2uCCVjbTao	1651	What A Day In The Life Actually Looks Like When You "Make It"
9nLSwHpkaPo	1728	Why I STOPPED Trading Smart Money (Complete SMC Traps Guide)
H9YGBr1Cyzw	1500	The Single Best Trading Strategy For Prop Firms (Complete Guide)
q_v5CYySedI	1329	Simple Scalping Strategy That Makes Me $100k/mo (How To Guide)
iv1H6QQ0cFQ	1286	How To Actually Trade Liquidity Sweeps Profitably (Full Masterclass)
qzlzMgEIQnk	1288	The Ultimate Liquidity Sweep Trading Strategy (Full Guide)
9fm9N0EuPTo	1248	My Boring Scalping Strategy That Makes Me 7%/Month (Full Guide)
z5OTIH0j9H4	1688	10 Everyday Essentials Of A Millionaire Trader
xBqYjSmGTJo	1702	Living A Trading MILLIONAIRE Lifestyle In 2025! Madrid Edition
gqXs-maJGQw	2222	I Filmed A Trading Documentary In Bali's Most Expensive Villa
ZvwvI16VabY	1459	Become Profitable Trading ANY Strategy (My 3-Step Plan)
dO5OTLBhC8o	1136	Give Me 19 Minutes, And I Will FIX Your Psychology (raw unfiltered)
_K2TJXo6Mkg	711	4 Beginner Trading Strategies To Make Your First $10,000
hi30DmFxjyE	1745	Simplified Market Structure Strategy To Win BIG In 2025 (Full Guide)
CKp_BUrpa9w	1243	The Best 2025 Trading Psychology Advice In 20 Minutes
h14k2Sltqx4	1288	Market structure trading is Bullsh*t, here’s why
3535k7fl88k	913	This One Rule Has 5X My Profitability (How To Guide)
iAHeH0nEnjw	833	I Spent 1000 Hours With Top Traders, Here’s How They ALL Did It
nlkaDjCW0ms	950	If You're A Struggling Trader In Their First 2 Years, Please Watch This.
6zk1zGuLoSM	623	Give Me 10 Minutes, And I Will Fix Your Risk Management
hoam6jXZdvs	726	Give Me 12 Minutes, And I Will FIX Your Trading Psychology
RVOL_RjEUNk	1270	Master High Volatility Scalping In 21 Minutes (How To Guide)
URFkZMI5Ddk	1436	I Made $100,000 In 12 Days To Show It's Not Luck (Live Trading)
PSE8yR7W9m0	1600	⁠Ultimate Market Structure Trading GUIDE (Course Examples)
ax9af8BqrVk	1284	If You're An Ambitious Trader In Their First 2 Years, Watch This
nQuW8iLH89Y	1108	Top 3 Reasons Your Trade Hits Stop Loss (78% Win Rate Strategy)
zcz8D1QcdLA	1320	How This Underrated Scalping Strategy Makes Me $100k/mo
WyME8jymIQY	1417	What Being A Forex Trader In Dubai Is Actually Like
8MfJOFb8P1o	2419	What 10 Years of Trading Taught Me in Just 40 Minutes
q_hIupjENB0	2261	A Week in the Life of a Toronto Forex Millionaire
OvjrzHiS9Ss	1209	I Only Enter A Trade When I See THIS (Full Inducement Guide)
mLyXSsT3oJU	1032	This One Fix Will Make You Profitable (Trading Any Strategy)
HjRU5myROM4	1453	I Lived Like a Trading Millionaire In Miami for a Week
SHBfId2tjRM	1738	Why You Should STOP Trading Smart Money (Full SMC Traps Guide)
KFkkhR97paM	899	3 Critical Mistakes to AVOID When Trading Market Structure
Vdh-wyzpyEo	1786	3 Levels Of Trading Strategies That Will Get You Funded
Mo2pEnTPkDA	1376	Best Trading Setups For Prop Firms RANKED (With Examples)
AAMBWrd2Il0	1345	Why Your POIs Are FAILING In 2025 (Supply & Demand Updated Guide)
4saCYOBsALg	1184	How To Manage Your Prop Firm Accounts For Maximum Payouts (Even If You Lose)
MpKHB1x3i5U	1800	It May Seem Simple, But It Made Me Over $100k Last Month
uZIL3zfOJDI	926	BEST Trading Strategies For Beginners Tier List (in 2026)
aaJp17T6fK4	1534	as a trader how to dopamine detox and actually rewire your brain
ext2ZHiOhYg	1504	3 Reasons I STOPPED Swing Trading (And Why You Should Too)
vdlS60Ok9HE	669	The #1 Reason Traders Keep Blowing Their Accounts (in 2024)
LtKiHUiLv9M	986	7 Prop Firm Red Flags Guide (2025 Update)
7WfauHlqAW0	830	How To Actually Learn From Your Trading Losses
4J04rDwYeN8	1200	how to actually develop a trading strategy (raw unfiltered)
9JcjlTgzu4g	1883	I Made 30% In 6 Months Trading ONLY The 1 Minute Chart (Full Proof)
_nmznmjumo0	1418	Realistic Day In The Life Of An Actual Trading Millionaire (Dubai)
JGxEE1ErkJA	1757	how to actually get rich trading forex (raw unfiltered)
HB10l58tNm8	1013	9 Trading Skills To Master If You Want To Make Millions
hJMDKj71U2o	947	If You’re Losing Money Trading, You HAVE To Do This Today
12kzOxjP9h0	828	The Psychology Misconception Nobody Talks About
Xizyas4azN4	1021	How To Guarantee Forex Trading Profits (TP Strategy)
77TmrsG_ARs	590	Day In The Life Of A Forex Trader In Dubai - ft. Umar Ashraf
NPJVpGGXb-4	1487	Make Your First $10,000 From Trading FAST (Step By Step Plan)
JIL84taUxjE	855	The Only Pre Market Trading Plan You Will Ever Need
vBmebvQVbaA	1176	24 Hours In The Life Of A Forex Trading Millionaire In DUBAI
eTWXuOV6Z2Y	1836	Day In The Life Of A Dubai Forex Trading Millionaire
47r8zX2Tk2I	1111	Why I STOPPED Trading Smart Money (Full SMC Traps Guide)
yG10llBPips	787	I Cracked the Code to a Profitable Trading Strategy
a4bZ9IODRLk	1463	The Downfall Of SMC (With Proof)
2c8XzU10fqo	2079	i made $3.47M trading and i think you should not trade…
KKd_ydzEDEU	1445	I PROVED m1 is The Most Profitable Timeframe
yQvXwQfYZho	1514	Why You Should Stop Trading Higher Timeframes (SMC Update)
nm-KjnZP9nw	733	I ONLY Focus On These 4 Things In Trading (2024)
kynZlyGI-Ig	1821	To be a 7 figure trader, do this
wD8jSd7w6V4	1312	“Trading is 99% psychology” lol. No but you need this hack (nobody does this)
CoucJbQL3p0	1564	The Best Strategy To Pass Prom Firm Challenges
6T8EqFNLaZw	1975	how to actually be a great trader (2 tricks I use)
9xUDcCw9zrE	2465	How I'd Make $10k/mo ASAP If I Had To Start Again (As A Trader)
VFvS5M7rX_Y	1212	Become a #1 Ranked Trader With My Liquidity Strategy (2024)
8aNpKirUJ_I	1448	When SMC And Market Structure FAIL… Do This
2g_mEjuuEFY	1636	100% PASS: Prop Firm Challenge System *Excel Spreadsheet Included*
Q40VNkivVP8	2387	Why SMC No Longer Works (Liquidity Inducement Strategy)
4MUiw_oLlQ8	1391	Why Prop-Firm Traders Go BROKE (In 2024)
lbpUf1Dmixo	1920	NOT For Beginners - Market Structure & Liquidity Trading Guide
Q744hr1JceI	1252	Prop Firms Hidden Tactics To Make Traders Fail
16XozyhUTfQ	1914	How I Built My 2024 Profitable Trading Strategy *With Proof* (Step-By-Step Guide)
WUG2UAsjQ6s	761	I Made $1 Million Trading (As A Uni Student) - 5 Things I Wish I Knew Sooner
MTNj-NrAcuM	830	Indicators DON’T work! Try Liquidity Cycle Instead
B_arns76ntc	3346	Working 4 Jobs To Full Time Trader | Uni Dropout | The Story Of Waly Khan *Podcast Ep3*
0vQcxC-j6Rg	2395	Trade Psychology | Strategy Building | What is Confidence *Poscast Ep2*
Xy_XahUuFCU	662	Forex Account Breakdown Of A Community Member
73ZXZj0-XbE	3697	First Blown Account | Who Is Our Mentor | *Podcast Ep1*
H-U9fsLrQ5U	3428	The Banks Don't Want You To Know About Liquidity
acjaOVzeH3E	2259	Understanding Institutional Liquidity Within The Wyckoff Market Cycle
afrotIhhJTQ	1544	What Is A Forex "Prime Setup"?
crwvPDZusL4	1185	Stop Chasing Happiness
ZePiGqANNU8	3540	What is Wyckoff Theory? | How To Implement it into a Forex Day Trading Strategy | Part 1
