Firm,Plan,Family,Size,List,Sale,Discount,Off,P_pay,E_payout,E_cost,BE,px_20,px_40,px_60,sale_m,list_m,Refund,Product
Verodus,Instant,instant,5000,110.0,72.0,VERO35,0.34545454545454546,0.2207,43.762698568188235,43.762698568188235,43.762698568188235,54.70337321023529,72.9378309469804,109.40674642047058,0.39218474210849674,0.6021572857437434,none,Verodus Instant
Verodus,Instant,instant,10000,184.0,121.0,VERO35,0.34239130434782605,0.2207,87.52539713637647,87.52539713637647,87.52539713637647,109.40674642047058,145.8756618939608,218.81349284094117,0.27664961044316966,0.5243184938240409,none,Verodus Instant
Verodus,Instant,instant,25000,370.0,242.0,VERO35,0.34594594594594597,0.2207,218.81349284094117,218.81349284094117,218.81349284094117,273.51686605117646,364.68915473490193,547.0337321023529,0.09581201305396213,0.40861218151096984,none,Verodus Instant
Verodus,Instant,instant,50000,594.0,389.0,VERO35,0.34511784511784516,0.2207,437.62698568188233,437.62698568188233,437.62698568188233,547.0337321023529,729.3783094698039,1094.0674642047059,-0.12500510458067438,0.26325423285878397,none,Verodus Instant
Verodus,Instant,instant,100000,1032.0,676.0,VERO35,0.34496124031007747,0.2207,875.2539713637647,875.2539713637647,875.2539713637647,1094.0674642047059,1458.7566189396077,2188.1349284094117,-0.2947543955085276,0.15188568666301874,none,Verodus Instant
Verodus,Instant,instant,200000,2012.0,1318.0,VERO35,0.34493041749502984,0.2207,1750.5079427275293,1750.5079427275293,1750.5079427275293,2188.1349284094117,2917.5132378792155,4376.269856818823,-0.32815473651557614,0.12996623124874288,none,Verodus Instant
Verodus,1-Step,1-step,5000,55.0,36.0,VERO35,0.34545454545454546,0.08808,5.405198745782165,8.576078745782166,5.927272946949476,7.4090911836868445,9.878788244915793,14.818182367373689,0.7617755903949398,0.813643659167597,first,Verodus 1-Step
Verodus,1-Step,1-step,10000,92.0,60.0,VERO35,0.34782608695652173,0.08808,10.81039749156433,16.09519749156433,11.854545893898951,14.818182367373689,19.757576489831585,29.636364734747378,0.7317467084739278,0.7944156794395182,first,Verodus 1-Step
Verodus,1-Step,1-step,25000,185.0,120.0,VERO35,0.3513513513513513,0.08808,27.025993728910823,37.59559372891083,29.636364734747374,37.045455918434214,49.39394122457896,74.09091183686843,0.6867033855924097,0.765833547411293,first,Verodus 1-Step
Verodus,1-Step,1-step,50000,297.0,193.0,VERO35,0.35016835016835013,0.08808,54.051987457821646,71.05142745782165,59.27272946949475,74.09091183686843,98.78788244915792,148.18182367373686,0.6318578888195769,0.7299267762362908,first,Verodus 1-Step
Verodus,1-Step,1-step,100000,516.0,335.0,VERO35,0.35077519379844957,0.08808,108.10397491564329,137.6107749156433,118.5454589389895,148.18182367373686,197.57576489831584,296.3636473474737,0.5892215674159902,0.7024161726441022,first,Verodus 1-Step
Verodus,1-Step,1-step,200000,1006.0,654.0,VERO35,0.3499005964214712,0.08808,216.20794983128658,273.8122698312866,237.090917877979,296.3636473474737,395.1515297966317,592.7272946949474,0.5813268045393172,0.6970015608038901,first,Verodus 1-Step
Verodus,2-Step Lite,2-step,5000,27.0,18.0,VERO35,0.33333333333333337,0.11112,6.785540377654836,8.785700377654837,7.633809262954321,9.5422615786929,12.723015438257201,19.0845231573858,0.5119055345747312,0.6375636897164875,first,Verodus 2-Step Lite
Verodus,2-Step Lite,2-step,10000,51.0,33.0,VERO35,0.3529411764705882,0.11112,13.571080755309673,17.238040755309672,15.267618525908642,19.0845231573858,25.446030876514403,38.1690463147716,0.4776351286269796,0.6227803773468692,first,Verodus 2-Step Lite
Verodus,2-Step Lite,2-step,25000,101.0,66.0,VERO35,0.3465346534653465,0.11112,33.92770188827418,41.26162188827418,38.1690463147716,47.71130789346449,63.615077191286,95.42261578692899,0.37482391078372457,0.5529621595220379,first,Verodus 2-Step Lite
Verodus,2-Step Lite,2-step,50000,204.0,133.0,VERO35,0.3480392156862745,0.11112,67.85540377654836,82.63436377654835,76.3380926295432,95.42261578692899,127.230154382572,190.84523157385797,0.37868899416129054,0.5562554716835865,first,Verodus 2-Step Lite
Verodus,2-Step Lite,2-step,100000,371.0,241.0,VERO35,0.3504043126684636,0.11112,135.7108075530967,162.49072755309672,152.6761852590864,190.84523157385797,254.460308765144,381.69046314771595,0.32576461596225426,0.5230826750590385,first,Verodus 2-Step Lite
Verodus,2-Step Lite,2-step,200000,734.0,477.0,VERO35,0.35013623978201636,0.11112,271.4216151061934,324.4258551061934,305.3523705181728,381.69046314771595,508.920617530288,763.3809262954319,0.3198619389807266,0.5190957832340689,first,Verodus 2-Step Lite
Verodus,2-Step Pro,2-step,5000,31.0,20.0,VERO35,0.3548387096774194,0.11991,6.598281331563489,8.996481331563489,7.49728020039256,9.3716002504907,12.495467000654267,18.7432005009814,0.5501759334218256,0.6672422151108551,first,Verodus 2-Step Pro
Verodus,2-Step Pro,2-step,10000,56.0,36.0,VERO35,0.3571428571428571,0.11991,13.196562663126977,17.513322663126978,14.99456040078512,18.7432005009814,24.990934001308535,37.4864010019628,0.5135188149131396,0.644437095301304,first,Verodus 2-Step Pro
Verodus,2-Step Pro,2-step,25000,131.0,85.0,VERO35,0.35114503816793896,0.11991,32.99140665781744,43.18375665781744,37.486401001962804,46.858001252453505,62.47733500327134,93.71600250490701,0.4919558040256772,0.628247201085363,first,Verodus 2-Step Pro
Verodus,2-Step Pro,2-step,50000,250.0,163.0,VERO35,0.348,0.11991,65.98281331563489,85.52814331563488,74.97280200392561,93.71600250490701,124.95467000654268,187.43200500981402,0.4752874643212584,0.6161587467374604,first,Verodus 2-Step Pro
Verodus,2-Step Pro,2-step,100000,455.0,296.0,VERO35,0.34945054945054943,0.11991,131.96562663126977,167.45898663126977,149.94560400785122,187.43200500981402,249.90934001308537,374.86401001962804,0.4342601802997643,0.590055655755451,first,Verodus 2-Step Pro
Verodus,2-Step Pro,2-step,200000,887.0,577.0,VERO35,0.3494926719278467,0.11991,263.93125326253954,333.1193232625395,299.89120801570243,374.86401001962804,499.81868002617074,749.7280200392561,0.4226701503248882,0.582535035780677,first,Verodus 2-Step Pro
FTMO,1-Step,1-step,10000,92.0,92.0,—,0.0,0.1343,26.32633397205304,26.32633397205304,26.32633397205304,32.9079174650663,43.87722328675507,65.8158349301326,0.7138441959559453,0.7138441959559453,none,FTMO 1-Step
FTMO,1-Step,1-step,25000,231.0,231.0,—,0.0,0.1343,65.8158349301326,65.8158349301326,65.8158349301326,82.26979366266573,109.69305821688766,164.53958732533147,0.7150829656704216,0.7150829656704216,none,FTMO 1-Step
FTMO,1-Step,1-step,50000,370.0,370.0,—,0.0,0.1343,131.6316698602652,131.6316698602652,131.6316698602652,164.53958732533147,219.38611643377533,329.07917465066294,0.6442387301073914,0.6442387301073914,none,FTMO 1-Step
FTMO,1-Step,1-step,100000,579.0,579.0,—,0.0,0.1343,263.2633397205304,263.2633397205304,263.2633397205304,329.07917465066294,438.77223286755066,658.1583493013259,0.5453137483237818,0.5453137483237818,none,FTMO 1-Step
FTMO,1-Step,1-step,200000,1159.0,1159.0,—,0.0,0.1343,526.5266794410608,526.5266794410608,526.5266794410608,658.1583493013259,877.5444657351013,1316.3166986026517,0.5457060574279027,0.5457060574279027,none,FTMO 1-Step
FTMO,2-Step,2-step,10000,103.0,103.0,—,0.0,0.127,9.08272074068948,22.163720740689477,10.40403292175198,13.005041152189975,17.340054869586634,26.01008230437995,0.7848182452360244,0.7848182452360244,first,FTMO 2-Step
FTMO,2-Step,2-step,25000,290.0,290.0,—,0.0,0.127,22.706801851723696,59.536801851723695,26.01008230437995,32.51260288047494,43.35013717396659,65.02520576094987,0.7947006832699184,0.7947006832699184,first,FTMO 2-Step
FTMO,2-Step,2-step,50000,400.0,400.0,—,0.0,0.127,45.41360370344739,96.21360370344739,52.0201646087599,65.02520576094987,86.70027434793317,130.05041152189975,0.7594659907413814,0.7594659907413814,first,FTMO 2-Step
FTMO,2-Step,2-step,100000,626.0,626.0,—,0.0,0.127,90.82720740689479,170.3292074068948,104.0403292175198,130.05041152189975,173.40054869586635,260.1008230437995,0.7279086143659828,0.7279086143659828,first,FTMO 2-Step
FTMO,2-Step,2-step,200000,1253.0,1253.0,—,0.0,0.127,181.65441481378957,340.78541481378954,208.0806584350396,260.1008230437995,346.8010973917327,520.201646087599,0.7280244095660099,0.7280244095660099,first,FTMO 2-Step
FundedNext,Stellar 1-Step,1-step,6000,66.0,66.0,—,0.0,0.14192,6.7960670188046395,10.074419018804639,7.151285681159178,8.939107101448972,11.91880946859863,17.878214202897944,0.8473572875938691,0.8473572875938691,fourth,FN Stellar 1-Step
FundedNext,Stellar 1-Step,1-step,15000,130.0,130.0,—,0.0,0.14192,16.9901675470116,23.447527547011596,17.878214202897944,22.347767753622428,29.797023671496575,44.695535507244855,0.8196344034845262,0.8196344034845262,fourth,FN Stellar 1-Step
FundedNext,Stellar 1-Step,1-step,25000,220.0,220.0,—,0.0,0.14192,28.316945911686,39.244785911685995,29.797023671496575,37.246279589370715,49.66170611916096,74.49255917874143,0.8216146094923363,0.8216146094923363,fourth,FN Stellar 1-Step
FundedNext,Stellar 1-Step,1-step,50000,330.0,330.0,—,0.0,0.14192,56.633891823372,73.02565182337199,59.59404734299315,74.49255917874143,99.32341223832192,148.98511835748286,0.7787101459897819,0.7787101459897819,fourth,FN Stellar 1-Step
FundedNext,Stellar 1-Step,1-step,100000,570.0,570.0,—,0.0,0.14192,113.267783646744,141.580823646744,119.1880946859863,148.98511835748286,198.64682447664384,297.9702367149657,0.7516125900934316,0.7516125900934316,fourth,FN Stellar 1-Step
FundedNext,Stellar 1-Step,1-step,200000,1100.0,1100.0,—,0.0,0.14192,226.535567293488,281.174767293488,238.3761893719726,297.9702367149657,397.2936489532877,595.9404734299314,0.7443865751877382,0.7443865751877382,fourth,FN Stellar 1-Step
FundedNext,Stellar 2-Step,2-step,6000,66.0,66.0,—,0.0,0.12872,5.462895670485611,13.95841567048561,6.26996564879902,7.837457060998775,10.449942747998367,15.67491412199755,0.7885088534774908,0.7885088534774908,first,FN Stellar 2-Step
FundedNext,Stellar 2-Step,2-step,15000,130.0,130.0,—,0.0,0.12872,13.657239176214027,30.390839176214026,15.674914121997551,19.59364265249694,26.12485686999592,39.18728530499388,0.7662243140291228,0.7662243140291228,first,FN Stellar 2-Step
FundedNext,Stellar 2-Step,2-step,25000,220.0,220.0,—,0.0,0.12872,22.762065293690046,51.08046529369005,26.12485686999592,32.6560710874949,43.541428116659866,65.3121421749898,0.7678160668468634,0.7678160668468634,first,FN Stellar 2-Step
FundedNext,Stellar 2-Step,2-step,50000,330.0,330.0,—,0.0,0.12872,45.52413058738009,88.0017305873801,52.24971373999184,65.3121421749898,87.08285623331973,130.6242843499796,0.7333280891291512,0.7333280891291512,first,FN Stellar 2-Step
FundedNext,Stellar 2-Step,2-step,100000,550.0,550.0,—,0.0,0.12872,91.04826117476019,161.8442611747602,104.49942747998368,130.6242843499796,174.16571246663946,261.2485686999592,0.7057377069549815,0.7057377069549815,first,FN Stellar 2-Step
FundedNext,Stellar 2-Step,2-step,200000,1100.0,1100.0,—,0.0,0.12872,182.09652234952037,323.6885223495204,208.99885495996736,261.2485686999592,348.3314249332789,522.4971373999184,0.7057377069549815,0.7057377069549815,first,FN Stellar 2-Step
FundedNext,Stellar Lite,2-step,5000,33.0,33.0,—,0.0,0.11932,4.480556783081219,8.418116783081219,5.087610463597697,6.359513079497121,8.479350772662828,12.719026158994241,0.7449055520278419,0.7449055520278419,first,FN Stellar Lite
FundedNext,Stellar Lite,2-step,10000,59.0,59.0,—,0.0,0.11932,8.961113566162439,16.00099356616244,10.175220927195394,12.719026158994241,16.958701545325656,25.438052317988483,0.7287967192175858,0.7287967192175858,first,FN Stellar Lite
FundedNext,Stellar Lite,2-step,25000,149.0,149.0,—,0.0,0.11932,22.402783915406097,40.1814639154061,25.438052317988483,31.797565397485602,42.39675386331414,63.595130794971205,0.7303257455341873,0.7303257455341873,first,FN Stellar Lite
FundedNext,Stellar Lite,2-step,50000,249.0,249.0,—,0.0,0.11932,44.805567830812194,74.51624783081219,50.876104635976965,63.595130794971205,84.79350772662828,127.19026158994241,0.7007379605188266,0.7007379605188266,first,FN Stellar Lite
FundedNext,Stellar Lite,2-step,100000,449.0,449.0,—,0.0,0.11932,89.61113566162439,143.1858156616244,101.75220927195393,127.19026158994241,169.58701545325656,254.38052317988482,0.6811006332703243,0.6811006332703243,first,FN Stellar Lite
FundedNext,Stellar Instant,instant,2000,59.0,59.0,—,0.0,0.5294200000000001,12.267115089570687,43.50289508957069,26.068075756663458,32.58509469582932,43.44679292777243,65.17018939165864,0.26266279509202217,0.26266279509202217,first,FN Stellar Instant
FundedNext,Stellar Instant,instant,5000,99.0,99.0,—,0.0,0.5294200000000001,30.66778772392672,83.08036772392673,65.17018939165865,81.46273673957332,108.61698231943109,162.92547347914663,0.16080436642498255,0.16080436642498255,first,FN Stellar Instant
FundedNext,Stellar Instant,instant,10000,199.0,199.0,—,0.0,0.5294200000000001,61.33557544785344,166.69015544785347,130.3403787833173,162.92547347914663,217.23396463886218,325.85094695829326,0.16236102790023382,0.16236102790023382,first,FN Stellar Instant
FundedNext,Stellar Instant,instant,20000,599.0,599.0,—,0.0,0.5294200000000001,122.67115089570687,439.793730895707,260.6807575666346,325.85094695829326,434.46792927772435,651.7018939165865,0.2657867597734441,0.2657867597734441,first,FN Stellar Instant
The5ers,High Stakes,2-step,5000,35.0,35.0,—,0.0,0.11212000000000001,11.551308454759731,11.551308454759731,11.551308454759731,14.439135568449663,19.252180757932887,28.878271136899325,0.6699626155782934,0.6699626155782934,none,5ers High Stakes
The5ers,High Stakes,2-step,10000,60.0,60.0,—,0.0,0.11212000000000001,23.102616909519462,23.102616909519462,23.102616909519462,28.878271136899325,38.504361515865774,57.75654227379865,0.6149563848413423,0.6149563848413423,none,5ers High Stakes
The5ers,High Stakes,2-step,20000,99.0,99.0,—,0.0,0.11212000000000001,46.205233819038924,46.205233819038924,46.205233819038924,57.75654227379865,77.00872303173155,115.5130845475973,0.5332804664743543,0.5332804664743543,none,5ers High Stakes
The5ers,High Stakes,2-step,60000,229.0,229.0,—,0.0,0.11212000000000001,138.61570145711676,138.61570145711676,138.61570145711676,173.26962682139595,231.0261690951946,346.5392536427919,0.3946912600125906,0.3946912600125906,none,5ers High Stakes
The5ers,High Stakes,2-step,100000,395.0,395.0,—,0.0,0.11212000000000001,231.0261690951946,231.0261690951946,231.0261690951946,288.78271136899326,385.0436151586577,577.5654227379865,0.41512362254381113,0.41512362254381113,none,5ers High Stakes
The5ers,Hyper Growth,1-step,5000,260.0,260.0,—,0.0,0.14861000000000002,4.0835404545630585,4.0835404545630585,4.0835404545630585,5.104425568203823,6.805900757605098,10.208851136407645,0.9842940751747574,0.9842940751747574,none,5ers Hyper Growth
The5ers,Hyper Growth,1-step,10000,450.0,450.0,—,0.0,0.14861000000000002,8.167080909126117,8.167080909126117,8.167080909126117,10.208851136407645,13.611801515210196,20.41770227281529,0.981850931313053,0.981850931313053,none,5ers Hyper Growth
The5ers,Hyper Growth,1-step,20000,850.0,850.0,—,0.0,0.14861000000000002,16.334161818252234,16.334161818252234,16.334161818252234,20.41770227281529,27.223603030420392,40.83540454563058,0.9807833390373503,0.9807833390373503,none,5ers Hyper Growth
The5ers,Bootcamp,3-step,20000,22.0,22.0,—,0.0,0.046400000000000004,4.7638313780566675,4.7638313780566675,4.7638313780566675,5.954789222570834,7.939718963427779,11.909578445141667,0.7834622100883333,0.7834622100883333,none,5ers Bootcamp
The5ers,Bootcamp,3-step,100000,95.0,95.0,—,0.0,0.046400000000000004,23.819156890283335,23.819156890283335,23.819156890283335,29.773946112854166,39.69859481713889,59.54789222570833,0.7492720327338596,0.7492720327338596,none,5ers Bootcamp
FundingPips,Zero,instant,5000,60.0,48.0,HELLO 20% (not $100k),0.19999999999999996,0.15330000000000002,41.127226558446,41.127226558446,41.127226558446,51.40903319805749,68.54537759741,102.81806639611499,0.14318278003237506,0.31454622402590005,none,FP Zero
FundingPips,Zero,instant,10000,88.0,70.0,HELLO 20% (not $100k),0.20454545454545459,0.15330000000000002,82.254453116892,82.254453116892,82.254453116892,102.81806639611499,137.09075519482,205.63613279222997,-0.1750636159555999,0.0652903054898637,none,FP Zero
FundingPips,Zero,instant,25000,188.0,150.0,HELLO 20% (not $100k),0.2021276595744681,0.15330000000000002,205.63613279222997,205.63613279222997,205.63613279222997,257.04516599028744,342.72688798704996,514.0903319805749,-0.3709075519481998,-0.09380921697994667,none,FP Zero
FundingPips,Zero,instant,50000,244.0,195.0,HELLO 20% (not $100k),0.2008196721311475,0.15330000000000002,411.27226558445994,411.27226558445994,411.27226558445994,514.0903319805749,685.4537759740999,1028.1806639611498,-1.109088541458769,-0.6855420720674588,none,FP Zero
FundingPips,Zero,instant,100000,444.0,444.0,HELLO 20% (not $100k),0.0,0.15330000000000002,822.5445311689199,822.5445311689199,822.5445311689199,1028.1806639611498,1370.9075519481999,2056.3613279222996,-0.8525777729029728,-0.8525777729029728,none,FP Zero
FundingPips,Zero,instant,200000,888.0,710.0,HELLO 20% (not $100k),0.2004504504504504,0.15330000000000002,1645.0890623378398,1645.0890623378398,1645.0890623378398,2056.3613279222996,2741.8151038963997,4112.722655844599,-1.3170268483631546,-0.8525777729029728,none,FP Zero
FundingPips,1-Step Flex,1-step,5000,66.0,53.0,HELLO 20% (not $100k),0.19696969696969702,0.1715,7.0587235400639745,10.240048540063974,7.509480081985132,9.386850102481414,12.515800136641888,18.77370020496283,0.806791536979925,0.833024643332364,fourth,FP 1-Step Flex
FundingPips,1-Step Flex,1-step,10000,99.0,79.0,HELLO 20% (not $100k),0.202020202020202,0.1715,14.117447080127949,18.85942208012795,15.018960163970265,18.77370020496283,25.031600273283775,37.54740040992566,0.7612731382262284,0.797374524443152,fourth,FP 1-Step Flex
FundingPips,1-Step Flex,1-step,25000,211.0,169.0,HELLO 20% (not $100k),0.19905213270142175,0.1715,35.29361770031987,45.43784270031987,37.54740040992566,46.93425051240707,62.57900068320943,93.86850102481414,0.7311370254418943,0.7727066696667305,fourth,FP 1-Step Flex
FundingPips,1-Step Flex,1-step,50000,313.0,250.0,HELLO 20% (not $100k),0.20127795527156545,0.1715,70.58723540063974,85.59348540063974,75.09480081985132,93.86850102481414,125.15800136641886,187.73700204962827,0.657626058397441,0.7144566760362948,fourth,FP 1-Step Flex
FundingPips,1-Step Flex,1-step,100000,569.0,569.0,HELLO 20% (not $100k),0.0,0.1715,141.17447080127948,175.32869580127948,150.18960163970263,187.73700204962827,250.31600273283772,375.47400409925655,0.6918652094880853,0.6918652094880853,fourth,FP 1-Step Flex
FundingPips,2-Step Standard,2-step,5000,34.0,27.0,HELLO 20% (not $100k),0.20588235294117652,0.12564,6.6989392453133965,7.886237245313397,7.007068056008305,8.758835070010381,11.678446760013841,17.517670140020762,0.7079171390624668,0.7589983751378413,fourth,FP 2-Step Standard
FundingPips,2-Step Standard,2-step,10000,63.0,50.0,HELLO 20% (not $100k),0.2063492063492064,0.12564,13.397878490626793,15.596578490626793,14.01413611201661,17.517670140020762,23.356893520027683,35.035340280041524,0.6880684301874641,0.7433612620535429,fourth,FP 2-Step Standard
FundingPips,2-Step Standard,2-step,25000,168.0,134.0,HELLO 20% (not $100k),0.20238095238095233,0.12564,33.49469622656698,39.38721222656698,35.035340280041524,43.7941753500519,58.39223380006921,87.5883507001038,0.7060655803987538,0.7566528081751965,fourth,FP 2-Step Standard
FundingPips,2-Step Standard,2-step,50000,285.0,228.0,HELLO 20% (not $100k),0.19999999999999996,0.12564,66.98939245313396,77.01546445313396,70.07068056008305,87.5883507001038,116.78446760013841,175.1767014002076,0.6622128752055527,0.7209755001644423,fourth,FP 2-Step Standard
FundingPips,2-Step Standard,2-step,100000,544.0,544.0,HELLO 20% (not $100k),0.0,0.12564,133.97878490626792,157.9006409062679,140.1413611201661,175.1767014002076,233.56893520027683,350.3534028004152,0.7097414689223017,0.7097414689223017,fourth,FP 2-Step Standard
FundingPips,2-Step Flex,2-step,5000,32.0,26.0,HELLO 20% (not $100k),0.1875,0.14349,5.184135812904568,5.184135812904568,5.184135812904568,6.48016976613071,8.640226354840948,12.96033953226142,0.800610161042132,0.8379957558467322,none,FP 2-Step Flex
FundingPips,2-Step Flex,2-step,10000,59.0,47.0,HELLO 20% (not $100k),0.2033898305084746,0.14349,10.368271625809136,10.368271625809136,10.368271625809136,12.96033953226142,17.280452709681896,25.92067906452284,0.7793984760466142,0.8242665826134045,none,FP 2-Step Flex
FundingPips,2-Step Flex,2-step,25000,159.0,127.0,HELLO 20% (not $100k),0.20125786163522008,0.14349,25.92067906452284,25.92067906452284,25.92067906452284,32.40084883065355,43.20113177420473,64.8016976613071,0.7959001648462768,0.8369768612294162,none,FP 2-Step Flex
FundingPips,2-Step Flex,2-step,50000,269.0,215.0,HELLO 20% (not $100k),0.2007434944237918,0.14349,51.84135812904568,51.84135812904568,51.84135812904568,64.8016976613071,86.40226354840946,129.6033953226142,0.7588774040509503,0.8072811965462986,none,FP 2-Step Flex
FundingPips,2-Step Flex,2-step,100000,555.0,555.0,HELLO 20% (not $100k),0.0,0.14349,103.68271625809136,103.68271625809136,103.68271625809136,129.6033953226142,172.80452709681893,259.2067906452284,0.813184295030466,0.813184295030466,none,FP 2-Step Flex
FundingPips,2-Step Pro,2-step,5000,29.0,23.0,HELLO 20% (not $100k),0.2068965517241379,0.09878,5.380628198352532,5.380628198352532,5.380628198352532,6.7257852479406655,8.967713663920888,13.451570495881331,0.7660596435498899,0.8144610966085334,none,FP 2-Step Pro
FundingPips,2-Step Pro,2-step,10000,55.0,44.0,HELLO 20% (not $100k),0.19999999999999996,0.09878,10.761256396705065,10.761256396705065,10.761256396705065,13.451570495881331,17.935427327841776,26.903140991762662,0.7554259909839758,0.8043407927871806,none,FP 2-Step Pro
FundingPips,2-Step Pro,2-step,25000,134.0,107.0,HELLO 20% (not $100k),0.20149253731343286,0.09878,26.90314099176266,26.90314099176266,26.90314099176266,33.62892623970332,44.838568319604434,67.25785247940664,0.7485687757779191,0.7992302911062489,none,FP 2-Step Pro
FundingPips,2-Step Pro,2-step,50000,224.0,179.0,HELLO 20% (not $100k),0.2008928571428571,0.09878,53.80628198352532,53.80628198352532,53.80628198352532,67.25785247940664,89.67713663920887,134.51570495881327,0.6994062459020932,0.7597933840021192,none,FP 2-Step Pro
FundingPips,2-Step Pro,2-step,100000,422.0,422.0,HELLO 20% (not $100k),0.0,0.09878,107.61256396705063,107.61256396705063,107.61256396705063,134.51570495881327,179.35427327841774,269.03140991762655,0.7449939242486953,0.7449939242486953,none,FP 2-Step Pro
FundingPips,2-Step Pro,2-step,200000,844.0,675.0,HELLO 20% (not $100k),0.20023696682464454,0.09878,215.22512793410127,215.22512793410127,215.22512793410127,269.03140991762655,358.7085465568355,538.0628198352531,0.6811479586161463,0.7449939242486953,none,FP 2-Step Pro
E8 Markets,E8 One 6%,1-step,5000,59.0,59.0,—,0.0,0.08005000000000001,9.337024587071458,9.337024587071458,9.337024587071458,11.671280733839321,15.561707645119096,23.342561467678642,0.8417453459818398,0.8417453459818398,none,E8 One 6%
E8 Markets,E8 One 6%,1-step,10000,138.0,138.0,—,0.0,0.08005000000000001,18.674049174142915,18.674049174142915,18.674049174142915,23.342561467678642,31.123415290238192,46.685122935357285,0.864680803085921,0.864680803085921,none,E8 One 6%
E8 Markets,E8 One 6%,1-step,25000,228.0,228.0,—,0.0,0.08005000000000001,46.685122935357285,46.685122935357285,46.685122935357285,58.3564036691966,77.80853822559548,116.7128073383932,0.7952406888800119,0.7952406888800119,none,E8 One 6%
E8 Markets,E8 One 6%,1-step,50000,338.0,338.0,—,0.0,0.08005000000000001,93.37024587071457,93.37024587071457,93.37024587071457,116.7128073383932,155.61707645119097,233.4256146767864,0.7237566690215546,0.7237566690215546,none,E8 One 6%
E8 Markets,E8 One 6%,1-step,100000,538.0,538.0,—,0.0,0.08005000000000001,186.74049174142914,186.74049174142914,186.74049174142914,233.4256146767864,311.23415290238194,466.8512293535728,0.6528987142352618,0.6528987142352618,none,E8 One 6%
E8 Markets,E8 One 6%,1-step,200000,988.0,988.0,—,0.0,0.08005000000000001,373.4809834828583,373.4809834828583,373.4809834828583,466.8512293535728,622.4683058047639,933.7024587071456,0.621982810240022,0.621982810240022,none,E8 One 6%
E8 Markets,Signature,1-step,25000,198.0,198.0,—,0.0,0.06616,38.11838841854505,38.11838841854505,38.11838841854505,47.64798552318131,63.53064736424176,95.29597104636262,0.8074828867750249,0.8074828867750249,none,E8 Signature
E8 Markets,Signature,1-step,50000,298.0,298.0,—,0.0,0.06616,76.2367768370901,76.2367768370901,76.2367768370901,95.29597104636262,127.06129472848352,190.59194209272525,0.7441718898084224,0.7441718898084224,none,E8 Signature
E8 Markets,Signature,1-step,100000,498.0,498.0,—,0.0,0.06616,152.4735536741802,152.4735536741802,152.4735536741802,190.59194209272525,254.12258945696703,381.1838841854505,0.6938282054735337,0.6938282054735337,none,E8 Signature
Alpha Capital,Instant,instant,5000,67.0,40.0,FUNDED40,0.4029850746268657,0.12954000000000002,34.49473640677373,34.49473640677373,34.49473640677373,43.11842050846716,57.49122734462289,86.23684101693432,0.13763158983065668,0.485153187958601,none,Alpha Instant
Alpha Capital,Instant,instant,10000,97.0,58.0,FUNDED40,0.4020618556701031,0.12954000000000002,68.98947281354747,68.98947281354747,68.98947281354747,86.23684101693432,114.98245468924578,172.47368203386864,-0.18947366919909422,0.28876832150981996,none,Alpha Instant
Alpha Capital,Instant,instant,25000,197.0,118.0,FUNDED40,0.4010152284263959,0.12954000000000002,172.47368203386864,172.47368203386864,172.47368203386864,215.5921025423358,287.4561367231144,431.1842050846716,-0.46164137316837833,0.12449907597020994,none,Alpha Instant
Alpha Capital,Instant,instant,50000,257.0,154.0,FUNDED40,0.40077821011673154,0.12954000000000002,344.9473640677373,344.9473640677373,344.9473640677373,431.1842050846716,574.9122734462288,862.3684101693432,-1.2399179484918006,-0.34220764228691547,none,Alpha Instant
Alpha Capital,Instant,instant,100000,457.0,274.0,FUNDED40,0.4004376367614879,0.12954000000000002,689.8947281354746,689.8947281354746,689.8947281354746,862.3684101693432,1149.8245468924576,1724.7368203386864,-1.5178639712973525,-0.5096164729441457,none,Alpha Instant
Alpha Capital,Instant,instant,200000,897.0,538.0,FUNDED40,0.40022296544035674,0.12954000000000002,1379.7894562709491,1379.7894562709491,1379.7894562709491,1724.7368203386864,2299.6490937849153,3449.4736406773727,-1.5646644168605002,-0.5382268185852276,none,Alpha Instant
Alpha Capital,One 10%,1-step,5000,50.0,40.0,ALPHA20,0.19999999999999996,0.06954,7.78988697750541,7.78988697750541,7.78988697750541,9.737358721881762,12.983144962509018,19.474717443763524,0.8052528255623648,0.8442022604498918,none,Alpha One 10%
Alpha Capital,One 10%,1-step,10000,97.0,78.0,ALPHA20,0.19587628865979378,0.06954,15.57977395501082,15.57977395501082,15.57977395501082,19.474717443763524,25.966289925018035,38.94943488752705,0.800259308269092,0.8393837736596822,none,Alpha One 10%
Alpha Capital,One 10%,1-step,25000,197.0,158.0,ALPHA20,0.19796954314720816,0.06954,38.94943488752705,38.94943488752705,38.94943488752705,48.68679360940881,64.91572481254508,97.37358721881762,0.7534845893194491,0.8022871325506241,none,Alpha One 10%
Alpha Capital,One 10%,1-step,50000,297.0,238.0,ALPHA20,0.19865319865319864,0.06954,77.8988697750541,77.8988697750541,77.8988697750541,97.37358721881762,129.83144962509016,194.74717443763524,0.6726938244745626,0.737714243181636,none,Alpha One 10%
Alpha Capital,One 10%,1-step,100000,497.0,398.0,ALPHA20,0.19919517102615691,0.06954,155.7977395501082,155.7977395501082,155.7977395501082,194.74717443763524,259.6628992501803,389.4943488752705,0.6085483930901804,0.6865236628770459,none,Alpha One 10%
Alpha Capital,One 10%,1-step,200000,997.0,798.0,ALPHA20,0.19959879638916755,0.06954,311.5954791002164,311.5954791002164,311.5954791002164,389.4943488752705,519.3257985003606,778.988697750541,0.6095294748117589,0.687466921664778,none,Alpha One 10%
Alpha Capital,Pro 6%,2-step,5000,27.0,22.0,ALPHA20,0.18518518518518523,0.08958,5.329557938733182,5.329557938733182,5.329557938733182,6.6619474234164775,8.882596564555303,13.323894846832955,0.757747366421219,0.8026089652321043,none,Alpha Pro 6%
Alpha Capital,Pro 6%,2-step,10000,47.0,38.0,ALPHA20,0.19148936170212771,0.08958,10.659115877466364,10.659115877466364,10.659115877466364,13.323894846832955,17.765193129110607,26.64778969366591,0.7194969505929905,0.7732103004794391,none,Alpha Pro 6%
Alpha Capital,Pro 6%,2-step,25000,117.0,94.0,ALPHA20,0.19658119658119655,0.08958,26.64778969366591,26.64778969366591,26.64778969366591,33.309737117082385,44.41298282277652,66.61947423416477,0.7165128755992988,0.7722411137293511,none,Alpha Pro 6%
Alpha Capital,Pro 6%,2-step,50000,217.0,174.0,ALPHA20,0.1981566820276498,0.08958,53.29557938733182,53.29557938733182,53.29557938733182,66.61947423416477,88.82596564555304,133.23894846832954,0.6937035667394723,0.7543982516712819,none,Alpha Pro 6%
Alpha Capital,Pro 6%,2-step,100000,397.0,318.0,ALPHA20,0.19899244332493704,0.08958,106.59115877466364,106.59115877466364,106.59115877466364,133.23894846832954,177.65193129110608,266.4778969366591,0.6648076768092338,0.7315084161847263,none,Alpha Pro 6%
Alpha Capital,Pro 6%,2-step,200000,797.0,638.0,ALPHA20,0.19949811794228356,0.08958,213.18231754932728,213.18231754932728,213.18231754932728,266.4778969366591,355.30386258221216,532.9557938733182,0.6658584364430606,0.732519049498962,none,Alpha Pro 6%
Alpha Capital,Pro 10%,2-step,5000,33.0,26.0,ALPHA20,0.21212121212121215,0.11819,6.351387262398208,6.351387262398208,6.351387262398208,7.939234077997759,10.585645437330347,15.878468155995519,0.7557158745231458,0.8075337193212664,none,Alpha Pro 10%
Alpha Capital,Pro 10%,2-step,10000,77.0,62.0,ALPHA20,0.19480519480519476,0.11819,12.702774524796416,12.702774524796416,12.702774524796416,15.878468155995519,21.171290874660695,31.756936311991037,0.7951165399226384,0.8350289022753713,none,Alpha Pro 10%
Alpha Capital,Pro 10%,2-step,25000,177.0,142.0,ALPHA20,0.19774011299435024,0.11819,31.756936311991037,31.756936311991037,31.756936311991037,39.696170389988794,52.92822718665173,79.39234077997759,0.7763596034366829,0.8205822807232145,none,Alpha Pro 10%
Alpha Capital,Pro 10%,2-step,50000,267.0,214.0,ALPHA20,0.19850187265917607,0.11819,63.513872623982074,63.513872623982074,63.513872623982074,79.39234077997759,105.85645437330346,158.78468155995517,0.7032062026916726,0.7621203272510034,none,Alpha Pro 10%
Alpha Capital,Pro 10%,2-step,100000,447.0,358.0,ALPHA20,0.19910514541387025,0.11819,127.02774524796415,127.02774524796415,127.02774524796415,158.78468155995517,211.71290874660693,317.56936311991035,0.6451738959554074,0.715821598997843,none,Alpha Pro 10%
Alpha Capital,Pro 10%,2-step,200000,897.0,718.0,ALPHA20,0.19955406911928653,0.11819,254.0554904959283,254.0554904959283,254.0554904959283,317.56936311991035,423.42581749321386,635.1387262398207,0.6461622695042781,0.7167720284326329,none,Alpha Pro 10%
Goat Funded,Instant GOAT,instant,5000,79.0,63.0,~20% promo,0.20253164556962022,0.16626,42.293190763718286,42.293190763718286,42.293190763718286,52.86648845464786,70.48865127286382,105.73297690929572,0.3286795116870113,0.464643154889642,none,Goat Instant
Goat Funded,Instant GOAT,instant,10000,129.0,103.0,~20% promo,0.20155038759689925,0.16626,84.58638152743657,84.58638152743657,84.58638152743657,105.73297690929572,140.97730254572764,211.46595381859143,0.17877299487925657,0.34429161606638314,none,Goat Instant
Goat Funded,Instant GOAT,instant,25000,249.0,199.0,~20% promo,0.20080321285140568,0.16626,211.4659538185914,211.4659538185914,211.4659538185914,264.3324422732392,352.44325636431904,528.6648845464784,-0.06264298401302212,0.15073914129079757,none,Goat Instant
Goat Funded,Instant GOAT,instant,50000,399.0,319.0,~20% promo,0.20050125313283207,0.16626,422.9319076371828,422.9319076371828,422.9319076371828,528.6648845464784,704.8865127286381,1057.329769092957,-0.32580535309461695,-0.059979718388929334,none,Goat Instant
Goat Funded,Instant GOAT,instant,100000,699.0,559.0,~20% promo,0.20028612303290416,0.16626,845.8638152743656,845.8638152743656,845.8638152743656,1057.329769092957,1409.7730254572762,2114.659538185914,-0.5131731936929618,-0.2101056012508807,none,Goat Instant
Goat Funded,2-Step Standard,2-step,5000,36.0,29.0,~20% promo,0.19444444444444442,0.12901,6.87983278994168,10.62112278994168,7.898865417446446,9.873581771808057,13.164775695744078,19.747163543616114,0.6337543865537352,0.6798835336127311,first,Goat 2-Step
Goat Funded,2-Step Standard,2-step,10000,66.0,53.0,~20% promo,0.19696969696969702,0.12901,13.75966557988336,20.597195579883362,15.797730834892892,19.747163543616114,26.329551391488156,39.49432708723223,0.6113736683040875,0.6625102184866157,first,Goat 2-Step
Goat Funded,2-Step Standard,2-step,25000,156.0,125.0,~20% promo,0.19871794871794868,0.12901,34.399163949708395,50.525413949708394,39.49432708723223,49.367908859040284,65.82387847872039,98.73581771808057,0.5957966884023328,0.6504825387839205,first,Goat 2-Step
Goat Funded,2-Step Standard,2-step,50000,266.0,213.0,~20% promo,0.1992481203007519,0.12901,68.79832789941679,96.27745789941679,78.98865417446446,98.73581771808057,131.64775695744078,197.47163543616114,0.5479931554017992,0.6123496695510646,first,Goat 2-Step
Goat Funded,2-Step Standard,2-step,100000,499.0,399.0,~20% promo,0.2004008016032064,0.12901,137.59665579883358,189.07164579883357,157.97730834892891,197.47163543616114,263.29551391488155,394.9432708723223,0.5261362260680863,0.5952451987999327,first,Goat 2-Step
Maven,2-Step,2-step,5000,22.0,18.0,~20% promo,0.18181818181818177,0.12736,6.814035363616094,9.106515363616094,7.808529707114153,9.76066213389269,13.014216178523588,19.52132426778538,0.4940824797991059,0.562911119835632,first,Maven 2-Step
Maven,2-Step,2-step,10000,44.0,35.0,~20% promo,0.20454545454545459,0.12736,13.628070727232188,18.085670727232188,15.617059414228306,19.52132426778538,26.028432357047176,39.04264853557076,0.48326655065050894,0.562911119835632,first,Maven 2-Step
Maven,2-Step,2-step,25000,99.0,79.0,~20% promo,0.202020202020202,0.12736,34.07017681808047,44.13161681808047,39.04264853557076,48.80331066946345,65.07108089261794,97.6066213389269,0.4413719390116397,0.528496799817369,first,Maven 2-Step
Maven,2-Step,2-step,50000,189.0,151.0,~20% promo,0.20105820105820105,0.12736,68.14035363616094,87.37171363616093,78.08529707114153,97.6066213389269,130.14216178523588,195.2132426778538,0.42137937989297397,0.5121090283801009,first,Maven 2-Step
Maven,2-Step,2-step,100000,349.0,279.0,~20% promo,0.20057306590257884,0.12736,136.28070727232188,171.81414727232186,156.17059414228305,195.2132426778538,260.28432357047177,390.4264853557076,0.3841786836117496,0.4821508674145505,first,Maven 2-Step
Maven,3-Step,3-step,5000,17.0,14.0,~20% promo,0.17647058823529416,0.050890000000000005,3.177578411068937,3.890038411068937,3.34795588611324,4.1849448576415496,5.5799264768554,8.369889715283099,0.7221401134950759,0.7621936228782978,first,Maven 3-Step
Maven,3-Step,3-step,10000,32.0,26.0,~20% promo,0.1875,0.050890000000000005,6.355156822137874,7.678296822137875,6.69591177222648,8.369889715283099,11.1598529537108,16.739779430566198,0.7046808914562356,0.7505113493081914,first,Maven 3-Step
Maven,3-Step,3-step,25000,69.0,55.0,~20% promo,0.2028985507246377,0.050890000000000005,15.887892055344684,18.686842055344684,16.739779430566198,20.924724288207745,27.899632384276998,41.84944857641549,0.6602392353573694,0.718850694850077,first,Maven 3-Step
Maven,3-Step,3-step,50000,129.0,103.0,~20% promo,0.20155038759689925,0.050890000000000005,31.77578411068937,37.01745411068937,33.479558861132396,41.84944857641549,55.799264768553996,83.69889715283098,0.6406072416437925,0.7027860921651987,first,Maven 3-Step
Maven,3-Step,3-step,100000,249.0,199.0,~20% promo,0.20080321285140568,0.050890000000000005,63.55156822137874,73.67867822137873,66.95911772226479,83.69889715283098,111.59852953710799,167.39779430566196,0.6297553858222175,0.6938828183880372,first,Maven 3-Step
Hola Prime,Direct,instant,5000,99.0,79.0,MATCH20,0.202020202020202,0.23775000000000002,46.01594373199861,55.970536231998615,52.65027300806199,65.81284126007748,87.75045501343665,131.62568252015495,0.2915121995949542,0.4091849875555696,quarter_x4,Hola Direct
Hola Prime,Direct,instant,10000,132.0,106.0,MATCH20,0.19696969696969702,0.23775000000000002,92.03188746399722,105.38868246399723,105.30054601612397,131.62568252015495,175.5009100268733,263.2513650403099,0.005767146566063892,0.17678123133335433,quarter_x4,Hola Direct
Hola Prime,Direct,instant,25000,369.0,295.0,MATCH20,0.20054200542005418,0.23775000000000002,230.07971865999303,267.25193115999303,263.2513650403099,329.06420630038735,438.7522750671832,658.1284126007747,0.09406125030510835,0.2504702272086909,quarter_x4,Hola Direct
Hola Prime,Direct,instant,50000,689.0,551.0,MATCH20,0.2002902757619739,0.23775000000000002,460.15943731998607,529.5895698199861,526.5027300806198,658.1284126007747,877.5045501343664,1316.2568252015494,0.03885740504539731,0.20612684351235688,quarter_x4,Hola Direct
Hola Prime,Direct,instant,100000,1049.0,839.0,MATCH20,0.20019065776930411,0.23775000000000002,920.3188746399721,1026.039167139972,1053.0054601612396,1316.2568252015494,1755.0091002687327,2632.513650403099,-0.22293106929674858,-0.003337218436579685,quarter_x4,Hola Direct
Hola Prime,1-Step Prime,1-step,5000,59.0,47.0,MATCH20,0.2033898305084746,0.13238000000000003,7.397482873205852,10.695068673205853,7.955663351904139,9.944579189880173,13.259438919840232,19.889158379760346,0.7724453473785988,0.8044575343524432,quarter_x4,Hola 1-Step Prime
Hola Prime,1-Step Prime,1-step,10000,89.0,71.0,MATCH20,0.202247191011236,0.13238000000000003,14.794965746411703,19.776425146411704,15.911326703808278,19.889158379760346,26.518877839680464,39.77831675952069,0.7214588007547648,0.7636030298155988,quarter_x4,Hola 1-Step Prime
Hola Prime,1-Step Prime,1-step,25000,169.0,135.0,MATCH20,0.20118343195266275,0.13238000000000003,36.987414366029256,46.45920336602926,39.77831675952069,49.722895949400865,66.29719459920116,99.44579189880173,0.6558577528442278,0.7109781599643239,quarter_x4,Hola 1-Step Prime
Hola Prime,1-Step Prime,1-step,50000,329.0,263.0,MATCH20,0.20060790273556228,0.13238000000000003,73.97482873205851,92.42727693205852,79.55663351904138,99.44579189880173,132.59438919840233,198.89158379760346,0.6485654869503478,0.7049910962551413,quarter_x4,Hola 1-Step Prime
Hola Prime,1-Step Prime,1-step,100000,579.0,463.0,MATCH20,0.20034542314335058,0.13238000000000003,147.94965746411702,180.43438566411703,159.11326703808277,198.89158379760346,265.18877839680465,397.7831675952069,0.6102929035332245,0.6743124213054974,quarter_x4,Hola 1-Step Prime
Hola Prime,1-Step Prime,1-step,200000,1049.0,839.0,MATCH20,0.20019065776930411,0.13238000000000003,295.89931492823405,354.76472952823406,318.22653407616554,397.7831675952069,530.3775567936093,795.5663351904138,0.5771576525289225,0.6477610833858589,quarter_x4,Hola 1-Step Prime
Hola Prime,2-Step Prime,2-step,5000,47.0,38.0,MATCH20,0.19148936170212771,0.12337,6.891933240600213,9.376605040600214,7.3740966623759965,9.217620827969995,12.290161103959994,18.43524165593999,0.7532472357736786,0.787977022540421,quarter_x4,Hola 2-Step Prime
Hola Prime,2-Step Prime,2-step,10000,69.0,55.0,MATCH20,0.2028985507246377,0.12337,13.783866481200427,17.380101981200426,14.748193324751993,18.43524165593999,24.580322207919988,36.87048331187998,0.6839981457963559,0.7348477191130374,quarter_x4,Hola 2-Step Prime
Hola Prime,2-Step Prime,2-step,25000,159.0,127.0,MATCH20,0.20125786163522008,0.12337,34.45966620300106,42.763700903001066,36.87048331187998,46.088104139849975,61.45080551979997,92.17620827969995,0.6632779456456609,0.7178864396037669,quarter_x4,Hola 2-Step Prime
Hola Prime,2-Step Prime,2-step,50000,319.0,255.0,MATCH20,0.20062695924764895,0.12337,68.91933240600213,85.59278790600213,73.74096662375996,92.17620827969995,122.90161103959994,184.3524165593999,0.6643420082117564,0.7185658360313413,quarter_x4,Hola 2-Step Prime
Hola Prime,2-Step Prime,2-step,100000,569.0,455.0,MATCH20,0.20035149384885764,0.12337,137.83866481200425,167.58934031200425,147.48193324751992,184.3524165593999,245.80322207919988,368.7048331187998,0.6316717795340566,0.692366685919149,quarter_x4,Hola 2-Step Prime
Hola Prime,2-Step Prime,2-step,200000,939.0,751.0,MATCH20,0.20021299254526093,0.12337,275.6773296240085,324.78229072400853,294.96386649503984,368.7048331187998,491.60644415839977,737.4096662375996,0.5675335676111737,0.6410278194632496,quarter_x4,Hola 2-Step Prime
FXIFY,2-Step,2-step,5000,59.0,47.0,~20% typical,0.2033898305084746,0.08897000000000001,3.1064801346719992,7.288070134671999,3.409854927578674,4.262318659473342,5.683091545964457,8.524637318946684,0.8449346779857022,0.8583777943275932,first,FXIFY 2-Step
FXIFY,2-Step,2-step,10000,89.0,71.0,~20% typical,0.202247191011236,0.08897000000000001,6.2129602693439985,12.529830269344,6.819709855157348,8.524637318946684,11.366183091928914,17.04927463789337,0.8235235173331831,0.8412214576478203,first,FXIFY 2-Step
FXIFY,2-Step,2-step,25000,189.0,151.0,~20% typical,0.20105820105820105,0.08897000000000001,15.532400673359994,28.966870673359995,17.04927463789337,21.31159329736671,28.415457729822283,42.62318659473342,0.808166419381722,0.8288479858552381,first,FXIFY 2-Step
FXIFY,2-Step,2-step,50000,379.0,303.0,~20% typical,0.20052770448548818,0.08897000000000001,31.06480134671999,58.02271134671999,34.09854927578674,42.62318659473342,56.830915459644565,85.24637318946684,0.8085059031461387,0.8290648249426913,first,FXIFY 2-Step
FXIFY,2-Step,2-step,100000,499.0,399.0,~20% typical,0.2004008016032064,0.08897000000000001,62.12960269343998,97.62863269343998,68.19709855157348,85.24637318946684,113.66183091928913,170.49274637893367,0.7553167100415039,0.7865217781694589,first,FXIFY 2-Step
FXIFY,2-Step,2-step,200000,999.0,799.0,~20% typical,0.20020020020020024,0.08897000000000001,124.25920538687996,195.34623538687998,136.39419710314695,170.49274637893367,227.32366183857826,340.98549275786735,0.7555115952604757,0.7866464110241441,first,FXIFY 2-Step
FXIFY,Instant Lite,instant,2500,19.0,19.0,—,0.0,0.15732,16.99358948922767,16.99358948922767,16.99358948922767,21.241986861534585,28.322649148712784,42.48397372306917,0.10560055319854368,0.10560055319854368,none,FXIFY Instant Lite
FXIFY,Instant Lite,instant,5000,39.0,39.0,—,0.0,0.15732,33.98717897845534,33.98717897845534,33.98717897845534,42.48397372306917,56.64529829742557,84.96794744613834,0.128533872347299,0.128533872347299,none,FXIFY Instant Lite
FXIFY,Instant Lite,instant,10000,79.0,79.0,—,0.0,0.15732,67.97435795691068,67.97435795691068,67.97435795691068,84.96794744613834,113.29059659485114,169.93589489227668,0.13956508915302937,0.13956508915302937,none,FXIFY Instant Lite
FXIFY,Instant Lite,instant,25000,149.0,149.0,—,0.0,0.15732,169.93589489227668,169.93589489227668,169.93589489227668,212.41986861534585,283.2264914871278,424.8397372306917,-0.14050936169313208,-0.14050936169313208,none,FXIFY Instant Lite
FXIFY,Instant Lite,instant,50000,249.0,249.0,—,0.0,0.15732,339.87178978455336,339.87178978455336,339.87178978455336,424.8397372306917,566.4529829742556,849.6794744613834,-0.3649469469259171,-0.3649469469259171,none,FXIFY Instant Lite
FXIFY,Instant Lite,instant,100000,399.0,399.0,—,0.0,0.15732,679.7435795691067,679.7435795691067,679.7435795691067,849.6794744613834,1132.9059659485113,1699.3589489227668,-0.7036179939075357,-0.7036179939075357,none,FXIFY Instant Lite
FXIFY,Instant Standard,instant,5000,109.0,87.0,~20% typical,0.2018348623853211,0.54162,35.77905611227208,35.77905611227208,35.77905611227208,44.723820140340095,59.631760187120136,89.44764028068019,0.588746481468137,0.6717517787864946,none,FXIFY Instant
FXIFY,Instant Standard,instant,10000,179.0,143.0,~20% typical,0.2011173184357542,0.54162,71.55811222454416,71.55811222454416,71.55811222454416,89.44764028068019,119.26352037424027,178.89528056136038,0.4995936208073835,0.6002340099187478,none,FXIFY Instant
FXIFY,Instant Standard,instant,25000,329.0,263.0,~20% typical,0.20060790273556228,0.54162,178.89528056136038,178.89528056136038,178.89528056136038,223.61910070170046,298.15880093560065,447.2382014034009,0.31978980775148147,0.4562453478378104,none,FXIFY Instant
FXIFY,Instant Standard,instant,50000,529.0,423.0,~20% typical,0.20037807183364842,0.54162,357.79056112272076,357.79056112272076,357.79056112272076,447.2382014034009,596.3176018712013,894.4764028068018,0.1541594299699273,0.3236473324712273,none,FXIFY Instant
FXIFY,Instant Standard,instant,100000,799.0,639.0,~20% typical,0.20025031289111395,0.54162,715.5811222454415,715.5811222454415,715.5811222454415,894.4764028068018,1192.6352037424026,1788.9528056136037,-0.11984526172995542,0.10440410232109948,none,FXIFY Instant
Instant Funding,Instant,instant,5000,109.0,87.0,~20% typical,0.2018348623853211,0.21449000000000001,42.05873030448617,42.05873030448617,42.05873030448617,52.573412880607705,70.09788384081028,105.14682576121541,0.5165663183392395,0.6141400889496681,none,IF Instant
Instant Funding,Instant,instant,10000,179.0,143.0,~20% typical,0.2011173184357542,0.21449000000000001,84.11746060897234,84.11746060897234,84.11746060897234,105.14682576121541,140.19576768162057,210.29365152243082,0.4117660097274662,0.5300700524638416,none,IF Instant
Instant Funding,Instant,instant,25000,329.0,263.0,~20% typical,0.20060790273556228,0.21449000000000001,210.29365152243082,210.29365152243082,210.29365152243082,262.8670644030385,350.4894192040514,525.734128806077,0.2004043668348638,0.3608095698406358,none,IF Instant
Instant Funding,Instant,instant,50000,529.0,423.0,~20% typical,0.20037807183364842,0.21449000000000001,420.58730304486164,420.58730304486164,420.58730304486164,525.734128806077,700.9788384081028,1051.468257612154,0.005703775307655693,0.20493893564298366,none,IF Instant
Instant Funding,Instant,instant,100000,799.0,639.0,~20% typical,0.20025031289111395,0.21449000000000001,841.1746060897233,841.1746060897233,841.1746060897233,1051.468257612154,1401.9576768162055,2102.936515224308,-0.3163921848039488,-0.05278423790954103,none,IF Instant
Fintokei,ProTrader,2-step,5000,44.0,35.0,20% OFF listed,0.20454545454545459,0.12581,7.147983956567931,11.55133395656793,8.176693804056248,10.220867255070308,13.627823006760414,20.441734510140616,0.669961886955202,0.7117358191689106,first,Fintokei ProTrader
Fintokei,ProTrader,2-step,10000,99.0,79.0,20% OFF listed,0.202020202020202,0.12581,14.295967913135861,24.23495791313586,16.353387608112495,20.441734510140616,27.255646013520828,40.88346902028123,0.6932283808463815,0.7297862837056983,first,Fintokei ProTrader
Fintokei,ProTrader,2-step,25000,199.0,159.0,20% OFF listed,0.20100502512562812,0.12581,35.73991978283965,55.74370978283965,40.88346902028123,51.104336275351535,68.13911503380206,102.20867255070307,0.649410630296606,0.6945924131515595,first,Fintokei ProTrader
Fintokei,ProTrader,2-step,50000,299.0,239.0,20% OFF listed,0.2006688963210702,0.12581,71.4798395656793,101.5484295656793,81.76693804056247,102.20867255070307,136.2782300676041,204.41734510140614,0.5751111733653586,0.6351269914191328,first,Fintokei ProTrader
Fintokei,ProTrader,2-step,100000,529.0,423.0,20% OFF listed,0.20037807183364842,0.12581,142.9596791313586,196.17730913135858,163.53387608112493,204.41734510140614,272.5564601352082,408.8346902028123,0.5362238554814218,0.6039448598651066,first,Fintokei ProTrader
Fintokei,ProTrader,2-step,200000,999.0,799.0,20% OFF listed,0.20020020020020024,0.12581,285.9193582627172,386.4415482627172,327.06775216224986,408.8346902028123,545.1129202704165,817.6693804056246,0.5163434940391524,0.5879844361734563,first,Fintokei ProTrader
Fintokei,SwiftTrader,1-step,5000,44.0,35.0,20% OFF listed,0.20454545454545459,0.12509,7.4064202120569265,11.784570212056927,8.46535096416423,10.581688705205288,14.10891827360705,21.163377410410575,0.6632979939412307,0.7065822679077971,first,Fintokei SwiftTrader
Fintokei,SwiftTrader,1-step,10000,89.0,71.0,20% OFF listed,0.202247191011236,0.12509,14.812840424113853,23.694230424113854,16.93070192832846,21.163377410410575,28.2178365472141,42.32675482082115,0.6662784447307908,0.7084735907402937,first,Fintokei SwiftTrader
Fintokei,SwiftTrader,1-step,25000,179.0,143.0,20% OFF listed,0.2011173184357542,0.12509,37.03210106028463,54.91997106028463,42.32675482082115,52.90844352602644,70.54459136803526,105.81688705205288,0.6159442583196878,0.6680267538531585,first,Fintokei SwiftTrader
Fintokei,SwiftTrader,1-step,50000,289.0,231.0,20% OFF listed,0.20069204152249132,0.12509,74.06420212056926,102.95999212056927,84.6535096416423,105.81688705205288,141.0891827360705,211.63377410410575,0.554285748395804,0.618632484011871,first,Fintokei SwiftTrader
Fintokei,SwiftTrader,1-step,100000,499.0,399.0,20% OFF listed,0.2004008016032064,0.12509,148.12840424113853,198.03931424113853,169.3070192832846,211.63377410410575,282.178365472141,423.2675482082115,0.5036608665635626,0.5780594904987204,first,Fintokei SwiftTrader
For Traders,2-Step,2-step,5000,49.0,39.0,~20% typical,0.20408163265306123,0.10351,6.114635503438628,10.151525503438629,6.820639944046926,8.525799930058657,11.367733240078211,17.051599860117314,0.7397044742708044,0.7717015203379872,first,ForTraders 2-Step
For Traders,2-Step,2-step,10000,89.0,71.0,~20% typical,0.202247191011236,0.10351,12.229271006877257,19.578481006877258,13.641279888093852,17.051599860117314,22.735466480156422,34.10319972023463,0.7242467463820105,0.7590824605968848,first,ForTraders 2-Step
For Traders,2-Step,2-step,25000,179.0,143.0,~20% typical,0.2011173184357542,0.10351,30.57317751719314,45.37510751719314,34.10319972023463,42.62899965029328,56.838666200391046,85.25799930058656,0.6826915558238241,0.7256901256022729,first,ForTraders 2-Step
For Traders,2-Step,2-step,50000,289.0,231.0,~20% typical,0.20069204152249132,0.10351,61.14635503438628,85.05716503438629,68.20639944046926,85.25799930058656,113.67733240078209,170.51599860117312,0.6317871643533061,0.6849109168360336,first,ForTraders 2-Step
For Traders,2-Step,2-step,100000,489.0,391.0,~20% typical,0.20040899795501022,0.10351,122.29271006877256,162.76512006877257,136.4127988809385,170.51599860117312,227.35466480156418,341.03199720234625,0.5837209205402236,0.6464026583460684,first,ForTraders 2-Step
The Funded Trader,Standard,2-step,5000,49.0,39.0,~20% typical,0.20408163265306123,0.12943000000000002,7.261176679159438,12.308946679159439,8.340715484291255,10.425894355364068,13.90119247381876,20.851788710728137,0.6843859825856554,0.7223827208334808,first,TFT Standard
The Funded Trader,Standard,2-step,10000,99.0,79.0,~20% typical,0.202020202020202,0.12943000000000002,14.522353358318876,24.747323358318877,16.68143096858251,20.851788710728137,27.80238494763752,41.703577421456274,0.6867427422997611,0.7238795620371831,first,TFT Standard
The Funded Trader,Standard,2-step,25000,189.0,151.0,~20% typical,0.20105820105820105,0.12943000000000002,36.30588339579719,55.84981339579719,41.703577421456274,52.12947177682034,69.5059623690938,104.25894355364068,0.6301336861205484,0.678475378858216,first,TFT Standard
The Funded Trader,Standard,2-step,50000,289.0,231.0,~20% typical,0.20069204152249132,0.12943000000000002,72.61176679159438,102.51009679159438,83.40715484291255,104.25894355364068,139.0119247381876,208.51788710728135,0.5562333472225351,0.6193182117937911,first,TFT Standard
The Funded Trader,Standard,2-step,100000,499.0,399.0,~20% typical,0.2004008016032064,0.12943000000000002,145.22353358318875,196.86610358318876,166.8143096858251,208.51788710728135,278.0238494763752,417.0357742145627,0.5066012441524091,0.5795408745827881,first,TFT Standard
The Funded Trader,Standard,2-step,200000,939.0,751.0,~20% typical,0.20021299254526093,0.12943000000000002,290.4470671663775,387.6489971663775,333.6286193716502,417.0357742145627,556.0476989527504,834.0715484291254,0.48382290656940413,0.5612546995033253,first,TFT Standard
The Funded Trader,Royal 1-Step,1-step,5000,79.0,63.0,~20% typical,0.20253164556962022,0.12778,7.905917738098619,7.905917738098619,7.905917738098619,9.882397172623273,13.176529563497699,19.764794345246546,0.8745092422524028,0.8999250919228022,none,TFT Royal
The Funded Trader,Royal 1-Step,1-step,10000,129.0,103.0,~20% typical,0.20155038759689925,0.12778,15.811835476197238,15.811835476197238,15.811835476197238,19.764794345246546,26.353059126995397,39.52958869049309,0.8464870342116773,0.8774276319674632,none,TFT Royal
The Funded Trader,Royal 1-Step,1-step,25000,249.0,199.0,~20% typical,0.20080321285140568,0.12778,39.52958869049309,39.52958869049309,39.52958869049309,49.411985863116364,65.88264781748849,98.82397172623273,0.8013588508015422,0.841246631765088,none,TFT Royal
The Funded Trader,Royal 1-Step,1-step,50000,379.0,303.0,~20% typical,0.20052770448548818,0.12778,79.05917738098618,79.05917738098618,79.05917738098618,98.82397172623273,131.76529563497698,197.64794345246546,0.7390786225049961,0.7914005873852608,none,TFT Royal
The Funded Trader,Royal 1-Step,1-step,100000,599.0,479.0,~20% typical,0.20033388981636058,0.12778,158.11835476197237,158.11835476197237,158.11835476197237,197.64794345246546,263.53059126995396,395.2958869049309,0.6698990506013104,0.7360294578264235,none,TFT Royal
City Traders Imperium,2-Step,2-step,10000,99.0,79.0,~20% typical,0.202020202020202,0.11312000000000001,12.682873985752051,21.619353985752053,14.300552482581692,17.875690603227113,23.834254137636155,35.75138120645423,0.7263372913195942,0.7587701617600803,first,CTI 2-Step
City Traders Imperium,2-Step,2-step,25000,199.0,159.0,~20% typical,0.20100502512562812,0.11312000000000001,31.707184964380126,49.69326496438013,35.75138120645423,44.68922650806778,59.58563534409038,89.37845301613557,0.6874637423623892,0.7275474122392959,first,CTI 2-Step
City Traders Imperium,2-Step,2-step,50000,349.0,279.0,~20% typical,0.20057306590257884,0.11312000000000001,63.41436992876025,94.97484992876025,71.50276241290845,89.37845301613557,119.17127068818075,178.75690603227113,0.6595883515098199,0.7051769343015465,first,CTI 2-Step
City Traders Imperium,2-Step,2-step,100000,549.0,439.0,~20% typical,0.20036429872495443,0.11312000000000001,126.8287398575205,176.4884198575205,143.0055248258169,178.75690603227113,238.3425413763615,357.51381206454226,0.5979762645614567,0.6558622589116202,first,CTI 2-Step
Funding Traders,2-Step,2-step,5000,36.0,29.0,~20% typical,0.19444444444444442,0.13016000000000003,7.33490684629265,11.109546846292652,8.43247821012215,10.540597762652688,14.054130350203584,21.081195525305375,0.6169121777140465,0.6660925876029818,first,FundingTraders 2-Step
Funding Traders,2-Step,2-step,10000,66.0,53.0,~20% typical,0.19696969696969702,0.13016000000000003,14.6698136925853,21.5682936925853,16.8649564202443,21.081195525305375,28.10826070040717,42.16239105061075,0.5930510624040509,0.6475700955668894,first,FundingTraders 2-Step
Funding Traders,2-Step,2-step,25000,156.0,125.0,~20% typical,0.19871794871794868,0.13016000000000003,36.67453423146325,52.94453423146325,42.16239105061074,52.702988813263424,70.27065175101791,105.40597762652685,0.576443726148294,0.6347468318495946,first,FundingTraders 2-Step
Funding Traders,2-Step,2-step,50000,266.0,213.0,~20% typical,0.1992481203007519,0.13016000000000003,73.3490684629265,101.0731484629265,84.32478210122149,105.40597762652685,140.54130350203582,210.8119552530537,0.5254781762303921,0.5940916223198252,first,FundingTraders 2-Step
Funding Traders,2-Step,2-step,100000,499.0,399.0,~20% typical,0.2004008016032064,0.13016000000000003,146.698136925853,198.631976925853,168.64956420244297,210.8119552530537,281.08260700407163,421.6239105061074,0.5021754964264336,0.5758557576636212,first,FundingTraders 2-Step
Blue Guardian,Instant,instant,5000,89.0,71.0,~20% typical,0.202247191011236,0.22092,41.39466793774859,41.39466793774859,41.39466793774859,51.74333492218574,68.99111322958099,103.48666984437148,0.4169765079190339,0.5348913714859709,none,BG Instant
Blue Guardian,Instant,instant,10000,149.0,119.0,~20% typical,0.20134228187919467,0.22092,82.78933587549719,82.78933587549719,82.78933587549719,103.48666984437148,137.98222645916198,206.97333968874295,0.3042912951638892,0.4443668733188108,none,BG Instant
Blue Guardian,Instant,instant,25000,279.0,223.0,~20% typical,0.2007168458781362,0.22092,206.97333968874295,206.97333968874295,206.97333968874295,258.7166746109287,344.95556614790496,517.4333492218574,0.07186843188904506,0.2581600728002045,none,BG Instant
Blue Guardian,Instant,instant,50000,429.0,343.0,~20% typical,0.20046620046620045,0.22092,413.9466793774859,413.9466793774859,413.9466793774859,517.4333492218574,689.9111322958099,1034.8666984437148,-0.20684163083815132,0.03508932546040581,none,BG Instant
Blue Guardian,Instant,instant,100000,699.0,559.0,~20% typical,0.20028612303290416,0.22092,827.8933587549718,827.8933587549718,827.8933587549718,1034.8666984437148,1379.8222645916198,2069.7333968874295,-0.48102568650263294,-0.18439679364087527,none,BG Instant
Blue Guardian,1-Step Standard,1-step,5000,59.0,47.0,~20% typical,0.2033898305084746,0.15092,9.29587555456393,16.38911555456393,10.948173970137006,13.685217462671257,18.246956616895012,27.370434925342515,0.6512954137326824,0.6915227872107809,first,BG 1-Step
Blue Guardian,1-Step Standard,1-step,10000,99.0,79.0,~20% typical,0.202020202020202,0.15092,18.59175110912786,30.51443110912786,21.896347940274012,27.370434925342515,36.493913233790025,54.74086985068503,0.6137413783654702,0.6612845342512338,first,BG 1-Step
Blue Guardian,1-Step Standard,1-step,25000,189.0,151.0,~20% typical,0.20105820105820105,0.15092,46.479377772819646,69.26829777281965,54.74086985068503,68.42608731335628,91.23478308447505,136.85217462671255,0.5412695511733798,0.6031573662813776,first,BG 1-Step
Blue Guardian,1-Step Standard,1-step,50000,299.0,239.0,~20% typical,0.2006688963210702,0.15092,92.95875554563929,129.0286355456393,109.48173970137006,136.85217462671255,182.4695661689501,273.7043492534251,0.46013123202661377,0.5381811520212733,first,BG 1-Step
Blue Guardian,1-Step Standard,1-step,100000,499.0,399.0,~20% typical,0.2004008016032064,0.15092,185.91751109127858,246.1345910912786,218.96347940274012,273.7043492534251,364.9391323379002,547.4086985068502,0.38312132558576795,0.47649981745234754,first,BG 1-Step
Blue Guardian,1-Step Standard,1-step,200000,899.0,719.0,~20% typical,0.20022246941045607,0.15092,371.83502218255717,480.3465021825572,437.92695880548024,547.4086985068502,729.8782646758004,1094.8173970137004,0.3319241972426187,0.43547040914064833,first,BG 1-Step
Blue Guardian,2-Step Standard,2-step,5000,55.0,44.0,~20% typical,0.19999999999999996,0.11584,6.829089480081999,11.926049480082,7.723816368170917,9.654770460213646,12.873027280284862,19.309540920427292,0.7289534209072273,0.7599947367257819,first,BG 2-Step
Blue Guardian,2-Step Standard,2-step,10000,97.0,78.0,~20% typical,0.19587628865979378,0.11584,13.658178960163998,22.693698960164,15.447632736341834,19.309540920427292,25.746054560569725,38.619081840854584,0.709055141536359,0.7433540313385155,first,BG 2-Step
Blue Guardian,2-Step Standard,2-step,25000,187.0,150.0,~20% typical,0.19786096256684493,0.11584,34.14544740040999,51.52144740041,38.619081840854584,48.273852301068224,64.36513640142431,96.54770460213645,0.6565236839972667,0.7015640245967381,first,BG 2-Step
Blue Guardian,2-Step Standard,2-step,50000,287.0,230.0,~20% typical,0.19860627177700352,0.11584,68.29089480081998,94.93409480081999,77.23816368170917,96.54770460213645,128.73027280284862,193.0954092042729,0.5872430660833914,0.6462126313560279,first,BG 2-Step
Blue Guardian,2-Step Standard,2-step,100000,497.0,398.0,~20% typical,0.19919517102615691,0.11584,136.58178960163997,182.68610960163997,154.47632736341833,193.0954092042729,257.46054560569723,386.1908184085458,0.5409896743677388,0.609347546073159,first,BG 2-Step
BrightFunded,2-Step,2-step,5000,55.0,44.0,~20% typical,0.19999999999999996,0.12926,7.0864427723245615,12.773882772324562,8.138414190601743,10.17301773825218,13.564023651002906,20.34603547650436,0.7096844824471691,0.7418955859577352,first,BrightFunded 2-Step
BrightFunded,2-Step,2-step,10000,99.0,79.0,~20% typical,0.202020202020202,0.12926,14.172885544649123,24.384425544649126,16.276828381203487,20.34603547650436,27.12804730200581,40.69207095300872,0.6913363855107706,0.7275795399530391,first,BrightFunded 2-Step
BrightFunded,2-Step,2-step,25000,189.0,151.0,~20% typical,0.20105820105820105,0.12926,35.432213861622806,54.95047386162281,40.69207095300872,50.865088691260894,67.82011825501453,101.73017738252179,0.6360895770753456,0.6832679689861227,first,BrightFunded 2-Step
BrightFunded,2-Step,2-step,50000,289.0,231.0,~20% typical,0.20069204152249132,0.12926,70.86442772324561,100.72348772324561,81.38414190601743,101.73017738252179,135.64023651002907,203.46035476504358,0.5639675856136553,0.6255343677396346,first,BrightFunded 2-Step
BrightFunded,2-Step,2-step,100000,399.0,319.0,~20% typical,0.20050125313283207,0.12926,141.72885544649122,182.9627954464912,162.76828381203487,203.46035476504358,271.28047302005814,406.92070953008715,0.4264489170956388,0.5155298359737063,first,BrightFunded 2-Step
BrightFunded,2-Step,2-step,200000,297.0,238.0,~20% typical,0.19865319865319864,0.12926,283.45771089298245,314.2215908929825,325.53656762406973,406.92070953008715,542.5609460401163,813.8414190601743,-0.32025878526463225,-0.08366306697973888,first,BrightFunded 2-Step
Ment Funding,2-Step,2-step,5000,39.0,31.0,~20% typical,0.20512820512820518,0.10504,6.126273165016244,9.382513165016244,6.845303885107986,8.556629856384982,11.408839808513312,17.113259712769963,0.697338284999476,0.7378760726918911,first,Ment 2-Step
Ment Funding,2-Step,2-step,10000,69.0,55.0,~20% typical,0.2028985507246377,0.10504,12.252546330032487,18.029746330032488,13.690607770215973,17.113259712769963,22.817679617026624,34.22651942553993,0.6721864303630457,0.7173868647821379,first,Ment 2-Step
Ment Funding,2-Step,2-step,25000,149.0,119.0,~20% typical,0.20134228187919467,0.10504,30.631365825081215,43.13112582508121,34.22651942553993,42.783149281924906,57.04419904256655,85.56629856384981,0.6375535644951159,0.6893803635900589,first,Ment 2-Step
Ment Funding,2-Step,2-step,50000,249.0,199.0,~20% typical,0.20080321285140568,0.10504,61.26273165016243,82.16569165016243,68.45303885107985,85.56629856384981,114.0883980851331,171.13259712769963,0.5871070771348622,0.6489249331318778,first,Ment 2-Step
Ment Funding,2-Step,2-step,100000,429.0,343.0,~20% typical,0.20046620046620045,0.10504,122.52546330032486,158.55418330032487,136.9060777021597,171.13259712769963,228.1767961702662,342.26519425539925,0.5377429058299567,0.6093528594398023,first,Ment 2-Step
