Plan,Size,N,Addon,Key,Live_pct,Sug_pct,List,Sale,Sticker,Net,Attach,Extra,Left,E_left,E_rev,Book_left,Book_rev,Sug_sticker,Sug_left,Sug_e_left,Sug_book_left,Challenge_left,E_used
Instant,5000,15,News trading,news,0.15,0.15,75,49,11,7.15,0.32,0.7099788954390485,5.010021104560952,1.6032067534595047,2.2880000000000003,24.048101301892572,34.32000000000001,11,5.010021104560952,1.6032067534595047,24.048101301892572,6.273257619539706,14.199577908780968
Instant,5000,15,Weekend holding,weekend,0.18,0.18,75,49,14,9.1,0.1,1.1359662327024775,6.144033767297523,0.6144033767297523,0.91,9.216050650946285,13.65,14,6.144033767297523,0.6144033767297523,9.216050650946285,6.273257619539706,14.199577908780968
Instant,5000,15,Weekly 70% split,weekly,0.06,0.06,75,49,4,2.6,0.08,1.1359662327024775,0.9440337672975225,0.07552270138380181,0.20800000000000002,1.1328405207570271,3.12,4,0.9440337672975225,0.07552270138380181,1.1328405207570271,6.273257619539706,14.199577908780968
Instant,5000,15,On-demand 90% split,ondemand,0.2,0.32,75,49,15,9.75,0.18,5.821826942600197,1.978173057399804,0.3560711503319647,1.755,5.34106725497947,26.325,24,6.6581730573998055,1.198471150331965,17.977067254979474,6.273257619539706,14.199577908780968
Instant,10000,25,News trading,news,0.15,0.15,106,69,16,10.4,0.32,1.419957790878097,6.900042209121903,2.2080135069190088,3.3280000000000003,55.200337672975216,83.2,16,6.900042209121903,2.2080135069190088,55.200337672975216,6.226192156713566,28.399155817561937
Instant,10000,25,Weekend holding,weekend,0.18,0.18,106,69,19,12.35,0.1,2.271932465404955,7.608067534595046,0.7608067534595047,1.235,19.020168836487617,30.875000000000004,19,7.608067534595046,0.7608067534595047,19.020168836487617,6.226192156713566,28.399155817561937
Instant,10000,25,Weekly 70% split,weekly,0.06,0.06,106,69,6,3.9000000000000004,0.08,2.271932465404955,0.8480675345950455,0.06784540276760363,0.31200000000000006,1.6961350691900907,7.800000000000002,6,0.8480675345950455,0.06784540276760363,1.6961350691900907,6.226192156713566,28.399155817561937
Instant,10000,25,On-demand 90% split,ondemand,0.2,0.32,106,69,21,13.65,0.18,11.643653885200393,-0.7236538852003918,-0.1302576993360705,2.457,-3.256442483401763,61.425,34,6.03634611479961,1.0865423006639296,27.163557516598242,6.226192156713566,28.399155817561937
Instant,25000,28,News trading,news,0.15,0.15,214,139,32,20.8,0.32,3.5498944771952416,13.090105522804759,4.188833767297523,6.656000000000001,117.28734548433064,186.36800000000002,32,13.090105522804759,4.188833767297523,117.28734548433064,14.084995768235146,70.99788954390483
Instant,25000,28,Weekend holding,weekend,0.18,0.18,214,139,39,25.35,0.1,5.679831163512387,14.600168836487615,1.4600168836487617,2.535,40.880472742165324,70.98,39,14.600168836487615,1.4600168836487617,40.880472742165324,14.084995768235146,70.99788954390483
Instant,25000,28,Weekly 70% split,weekly,0.06,0.06,214,139,13,8.450000000000001,0.08,5.679831163512387,1.0801688364876147,0.08641350691900918,0.676,2.419578193732257,18.928,13,1.0801688364876147,0.08641350691900918,2.419578193732257,14.084995768235146,70.99788954390483
Instant,25000,28,On-demand 90% split,ondemand,0.2,0.32,214,139,43,27.95,0.18,29.10913471300098,-6.749134713000981,-1.2148442483401765,5.031,-34.01563895352494,140.868,68,6.250865286999026,1.1251557516598247,31.504361046475093,14.084995768235146,70.99788954390483
Instant,50000,18,News trading,news,0.15,0.15,368,239,55,35.75,0.32,7.099788954390483,21.500211045609518,6.880067534595046,11.44,123.84121562271082,205.92,55,21.500211045609518,6.880067534595046,123.84121562271082,13.849668454104489,141.99577908780967
Instant,50000,18,Weekend holding,weekend,0.18,0.18,368,239,66,42.9,0.1,11.359662327024774,22.96033767297523,2.296033767297523,4.29,41.32860781135541,77.22,66,22.96033767297523,2.296033767297523,41.32860781135541,13.849668454104489,141.99577908780967
Instant,50000,18,Weekly 70% split,weekly,0.06,0.06,368,239,22,14.3,0.08,11.359662327024774,0.08033767297522765,0.006427013838018212,1.1440000000000001,0.11568624908432781,20.592000000000002,22,0.08033767297522765,0.006427013838018212,0.11568624908432781,13.849668454104489,141.99577908780967
Instant,50000,18,On-demand 90% split,ondemand,0.2,0.32,368,239,74,48.1,0.18,58.21826942600196,-19.738269426001956,-3.552888496680352,8.658,-63.951992940246335,155.844,118,3.1417305739980463,0.5655115033196483,10.179207059753669,13.849668454104489,141.99577908780967
Instant,100000,12,News trading,news,0.15,0.15,675,439,101,65.65,0.32,14.199577908780967,38.320422091219044,12.262535069190093,21.008000000000003,147.15042083028112,252.09600000000003,101,38.320422091219044,12.262535069190093,147.15042083028112,13.379013825843117,283.99155817561933
Instant,100000,12,Weekend holding,weekend,0.18,0.18,675,439,122,79.3,0.1,22.719324654049547,40.720675345950454,4.072067534595045,7.93,48.86481041514054,95.16,122,40.720675345950454,4.072067534595045,48.86481041514054,13.379013825843117,283.99155817561933
Instant,100000,12,Weekly 70% split,weekly,0.06,0.06,675,439,40,26.0,0.08,22.719324654049547,-1.9193246540495466,-0.15354597232396372,2.08,-1.8425516678875646,24.96,40,-1.9193246540495466,-0.15354597232396372,-1.8425516678875646,13.379013825843117,283.99155817561933
Instant,100000,12,On-demand 90% split,ondemand,0.2,0.32,675,439,135,87.75,0.18,116.43653885200392,-46.23653885200392,-8.322576993360705,15.795,-99.87092392032847,189.54,216,-4.116538852003913,-0.7409769933607043,-8.891723920328452,13.379013825843117,283.99155817561933
1-Step,5000,8,News trading,news,0.15,0.15,55,36,8,5.2,0.22,0.1081039749156433,4.051896025084357,0.8914171255185586,1.1440000000000001,7.1313370041484685,9.152000000000001,8,4.051896025084357,0.8914171255185586,7.1313370041484685,2.095050722118838,5.405198745782165
1-Step,5000,8,Weekend holding,weekend,0.18,0.18,55,36,10,6.5,0.16,0.2162079498312866,4.983792050168714,0.7974067280269942,1.04,6.3792538242159535,8.32,10,4.983792050168714,0.7974067280269942,6.3792538242159535,2.095050722118838,5.405198745782165
1-Step,5000,8,Weekly 70% split,weekly,0.06,0.06,55,36,3,1.9500000000000002,0.1,0.2702599372891083,1.289740062710892,0.1289740062710892,0.19500000000000003,1.0317920501687137,1.5600000000000003,3,1.289740062710892,0.1289740062710892,1.0317920501687137,2.095050722118838,5.405198745782165
1-Step,5000,8,On-demand 90% split,ondemand,0.2,0.2,55,36,11,7.15,0.12,0.6756498432227707,5.04435015677723,0.6053220188132675,0.858,4.84257615050614,6.864,11,5.04435015677723,0.6053220188132675,4.84257615050614,2.095050722118838,5.405198745782165
1-Step,10000,14,News trading,news,0.15,0.15,92,60,14,9.1,0.22,0.2162079498312866,7.063792050168714,1.554034251037117,2.002,21.75647951451964,28.028,14,7.063792050168714,1.554034251037117,21.75647951451964,14.272074288513153,10.81039749156433
1-Step,10000,14,Weekend holding,weekend,0.18,0.18,92,60,17,11.05,0.16,0.4324158996625732,8.407584100337429,1.3452134560539886,1.7680000000000002,18.83298838475584,24.752000000000002,17,8.407584100337429,1.3452134560539886,18.83298838475584,14.272074288513153,10.81039749156433
1-Step,10000,14,Weekly 70% split,weekly,0.06,0.06,92,60,6,3.9000000000000004,0.1,0.5405198745782166,2.579480125421784,0.2579480125421784,0.39000000000000007,3.6112721755904977,5.460000000000001,6,2.579480125421784,0.2579480125421784,3.6112721755904977,14.272074288513153,10.81039749156433
1-Step,10000,14,On-demand 90% split,ondemand,0.2,0.2,92,60,18,11.700000000000001,0.12,1.3512996864455413,8.00870031355446,0.9610440376265351,1.4040000000000001,13.454616526771492,19.656000000000002,18,8.00870031355446,0.9610440376265351,13.454616526771492,14.272074288513153,10.81039749156433
1-Step,25000,18,News trading,news,0.15,0.15,185,120,28,18.2,0.22,0.5405198745782165,14.019480125421785,3.084285627592793,4.004,55.51714129667027,72.07199999999999,28,14.019480125421785,3.084285627592793,55.51714129667027,41.20314498769609,27.025993728910823
1-Step,25000,18,Weekend holding,weekend,0.18,0.18,185,120,33,21.45,0.16,1.081039749156433,16.07896025084357,2.572633640134971,3.432,46.30740552242948,61.775999999999996,33,16.07896025084357,2.572633640134971,46.30740552242948,41.20314498769609,27.025993728910823
1-Step,25000,18,Weekly 70% split,weekly,0.06,0.06,185,120,11,7.15,0.1,1.3512996864455413,4.368700313554459,0.43687003135544594,0.7150000000000001,7.863660564398027,12.870000000000001,11,4.368700313554459,0.43687003135544594,7.863660564398027,41.20314498769609,27.025993728910823
1-Step,25000,18,On-demand 90% split,ondemand,0.2,0.2,185,120,37,24.05,0.12,3.378249216113853,15.86175078388615,1.9034100940663379,2.886,34.26138169319408,51.948,37,15.86175078388615,1.9034100940663379,34.26138169319408,41.20314498769609,27.025993728910823
1-Step,50000,14,News trading,news,0.15,0.15,297,193,45,29.25,0.22,1.081039749156433,22.31896025084357,4.910171255185586,6.435,68.7423975725982,90.08999999999999,45,22.31896025084357,4.910171255185586,68.7423975725982,64.48826281966768,54.051987457821646
1-Step,50000,14,Weekend holding,weekend,0.18,0.18,297,193,53,34.45,0.16,2.162079498312866,25.397920501687135,4.063667280269942,5.5120000000000005,56.89134192377919,77.168,53,25.397920501687135,4.063667280269942,56.89134192377919,64.48826281966768,54.051987457821646
1-Step,50000,14,Weekly 70% split,weekly,0.06,0.06,297,193,18,11.700000000000001,0.1,2.7025993728910827,6.657400627108919,0.6657400627108919,1.1700000000000002,9.320360877952487,16.380000000000003,18,6.657400627108919,0.6657400627108919,9.320360877952487,64.48826281966768,54.051987457821646
1-Step,50000,14,On-demand 90% split,ondemand,0.2,0.2,297,193,59,38.35,0.12,6.756498432227706,23.9235015677723,2.870820188132676,4.602,40.19148263385746,64.428,59,23.9235015677723,2.870820188132676,40.19148263385746,64.48826281966768,54.051987457821646
1-Step,100000,10,News trading,news,0.15,0.15,515,335,77,50.050000000000004,0.22,2.1620794983128655,37.87792050168714,8.333142510371172,11.011000000000001,83.33142510371172,110.11000000000001,77,37.87792050168714,8.333142510371172,83.33142510371172,107.85849848361082,108.10397491564328
1-Step,100000,10,Weekend holding,weekend,0.18,0.18,515,335,93,60.45,0.16,4.324158996625731,44.03584100337427,7.045734560539884,9.672,70.45734560539884,96.72,93,44.03584100337427,7.045734560539884,70.45734560539884,107.85849848361082,108.10397491564328
1-Step,100000,10,Weekly 70% split,weekly,0.06,0.06,515,335,31,20.150000000000002,0.1,5.405198745782164,10.714801254217836,1.0714801254217836,2.015,10.714801254217836,20.150000000000002,31,10.714801254217836,1.0714801254217836,10.714801254217836,107.85849848361082,108.10397491564328
1-Step,100000,10,On-demand 90% split,ondemand,0.2,0.2,515,335,103,66.95,0.12,13.51299686445541,40.04700313554459,4.805640376265351,8.034,48.05640376265351,80.34,103,40.04700313554459,4.805640376265351,48.05640376265351,107.85849848361082,108.10397491564328
1-Step,200000,3,News trading,news,0.15,0.15,1006,654,151,98.15,0.22,4.324158996625731,74.19584100337428,16.323085020742344,21.593,48.969255062227035,64.779,151,74.19584100337428,16.323085020742344,48.969255062227035,222.59896981149717,216.20794983128656
1-Step,200000,3,Weekend holding,weekend,0.18,0.18,1006,654,181,117.65,0.16,8.648317993251462,85.47168200674854,13.675469121079766,18.824,41.0264073632393,56.47200000000001,181,85.47168200674854,13.675469121079766,41.0264073632393,222.59896981149717,216.20794983128656
1-Step,200000,3,Weekly 70% split,weekly,0.06,0.06,1006,654,60,39.0,0.1,10.810397491564329,20.389602508435672,2.038960250843567,3.9000000000000004,6.116880752530701,11.700000000000001,60,20.389602508435672,2.038960250843567,6.116880752530701,222.59896981149717,216.20794983128656
1-Step,200000,3,On-demand 90% split,ondemand,0.2,0.2,1006,654,201,130.65,0.12,27.02599372891082,77.49400627108919,9.299280752530702,15.678,27.897842257592107,47.034000000000006,201,77.49400627108919,9.299280752530702,27.897842257592107,222.59896981149717,216.20794983128656
2-Step Lite,5000,10,News trading,news,0.15,0.15,65,42,10,6.5,0.16,0.13600846658231291,5.0639915334176875,0.81023864534683,1.04,8.1023864534683,10.4,10,5.0639915334176875,0.81023864534683,8.1023864534683,2.1683995619355443,6.800423329115645
2-Step Lite,5000,10,Weekend holding,weekend,0.18,0.18,65,42,12,7.800000000000001,0.12,0.27201693316462583,5.967983066835375,0.716157968020245,0.936,7.1615796802024505,9.360000000000001,12,5.967983066835375,0.716157968020245,7.1615796802024505,2.1683995619355443,6.800423329115645
2-Step Lite,5000,10,Weekly 70% split,weekly,0.06,0.06,65,42,4,2.6,0.07,0.3400211664557823,1.739978833544218,0.12179851834809527,0.18200000000000002,1.2179851834809527,1.8200000000000003,4,1.739978833544218,0.12179851834809527,1.2179851834809527,2.1683995619355443,6.800423329115645
2-Step Lite,5000,10,On-demand 90% split,ondemand,0.2,0.2,65,42,13,8.450000000000001,0.08,0.8500529161394557,5.909947083860546,0.47279576670884366,0.676,4.727957667088437,6.760000000000001,13,5.909947083860546,0.47279576670884366,4.727957667088437,2.1683995619355443,6.800423329115645
2-Step Lite,10000,18,News trading,news,0.15,0.15,85,55,13,8.450000000000001,0.16,0.27201693316462583,6.487983066835376,1.0380772906936602,1.352,18.685391232485884,24.336000000000002,13,6.487983066835376,1.0380772906936602,18.685391232485884,3.6210678947878847,13.60084665823129
2-Step Lite,10000,18,Weekend holding,weekend,0.18,0.18,85,55,15,9.75,0.12,0.5440338663292517,7.255966133670749,0.8707159360404898,1.17,15.672886848728817,21.06,15,7.255966133670749,0.8707159360404898,15.672886848728817,3.6210678947878847,13.60084665823129
2-Step Lite,10000,18,Weekly 70% split,weekly,0.06,0.06,85,55,5,3.25,0.07,0.6800423329115646,1.9199576670884355,0.1343970366961905,0.22750000000000004,2.4191466605314287,4.095000000000001,5,1.9199576670884355,0.1343970366961905,2.4191466605314287,3.6210678947878847,13.60084665823129
2-Step Lite,10000,18,On-demand 90% split,ondemand,0.2,0.2,85,55,17,11.05,0.08,1.7001058322789113,7.13989416772109,0.5711915334176872,0.8840000000000001,10.281447601518371,15.912000000000003,17,7.13989416772109,0.5711915334176872,10.281447601518371,3.6210678947878847,13.60084665823129
2-Step Lite,25000,22,News trading,news,0.15,0.15,145,94,22,14.3,0.16,0.6800423329115646,10.759957667088436,1.7215932267341498,2.2880000000000003,37.875050988151294,50.336000000000006,22,10.759957667088436,1.7215932267341498,37.875050988151294,7.979072893344906,34.002116645578226
2-Step Lite,25000,22,Weekend holding,weekend,0.18,0.18,145,94,26,16.900000000000002,0.12,1.3600846658231291,12.159915334176874,1.4591898401012249,2.028,32.102176482226945,44.616,26,12.159915334176874,1.4591898401012249,32.102176482226945,7.979072893344906,34.002116645578226
2-Step Lite,25000,22,Weekly 70% split,weekly,0.06,0.06,145,94,9,5.8500000000000005,0.07,1.7001058322789113,2.9798941677210893,0.20859259174047626,0.4095000000000001,4.589037018290478,9.009000000000002,9,2.9798941677210893,0.20859259174047626,4.589037018290478,7.979072893344906,34.002116645578226
2-Step Lite,25000,22,On-demand 90% split,ondemand,0.2,0.2,145,94,29,18.85,0.08,4.250264580697278,10.829735419302724,0.8663788335442179,1.5080000000000002,19.060334337972794,33.176,29,10.829735419302724,0.8663788335442179,19.060334337972794,7.979072893344906,34.002116645578226
2-Step Lite,50000,16,News trading,news,0.15,0.15,229,149,34,22.1,0.16,1.3600846658231291,16.319915334176873,2.6111864534683,3.5360000000000005,41.7789832554928,56.57600000000001,34,16.319915334176873,2.6111864534683,41.7789832554928,7.242414557606608,68.00423329115645
2-Step Lite,50000,16,Weekend holding,weekend,0.18,0.18,229,149,41,26.650000000000002,0.12,2.7201693316462583,18.599830668353746,2.2319796802024494,3.198,35.71167488323919,51.168,41,18.599830668353746,2.2319796802024494,35.71167488323919,7.242414557606608,68.00423329115645
2-Step Lite,50000,16,Weekly 70% split,weekly,0.06,0.06,229,149,14,9.1,0.07,3.4002116645578226,3.8797883354421776,0.27158518348095245,0.637,4.345362935695239,10.192,14,3.8797883354421776,0.27158518348095245,4.345362935695239,7.242414557606608,68.00423329115645
2-Step Lite,50000,16,On-demand 90% split,ondemand,0.2,0.2,229,149,46,29.900000000000002,0.08,8.500529161394557,15.419470838605445,1.2335576670884356,2.3920000000000003,19.73692267341497,38.272000000000006,46,15.419470838605445,1.2335576670884356,19.73692267341497,7.242414557606608,68.00423329115645
2-Step Lite,100000,12,News trading,news,0.15,0.15,414,269,62,40.300000000000004,0.16,2.7201693316462583,29.519830668353745,4.7231729069365995,6.448,56.67807488323919,77.376,62,29.519830668353745,4.7231729069365995,56.67807488323919,13.769097886130027,136.0084665823129
2-Step Lite,100000,12,Weekend holding,weekend,0.18,0.18,414,269,75,48.75,0.12,5.440338663292517,33.559661336707485,4.027159360404898,5.85,48.32591232485878,70.19999999999999,75,33.559661336707485,4.027159360404898,48.32591232485878,13.769097886130027,136.0084665823129
2-Step Lite,100000,12,Weekly 70% split,weekly,0.06,0.06,414,269,25,16.25,0.07,6.800423329115645,6.199576670884355,0.4339703669619049,1.1375000000000002,5.207644403542859,13.650000000000002,25,6.199576670884355,0.4339703669619049,5.207644403542859,13.769097886130027,136.0084665823129
2-Step Lite,100000,12,On-demand 90% split,ondemand,0.2,0.2,414,269,83,53.95,0.08,17.001058322789113,26.15894167721089,2.092715334176871,4.316000000000001,25.112584010122454,51.79200000000001,83,26.15894167721089,2.092715334176871,25.112584010122454,13.769097886130027,136.0084665823129
2-Step Lite,200000,4,News trading,news,0.15,0.15,768,499,115,74.75,0.16,5.440338663292517,54.35966133670749,8.697545813873198,11.96,34.79018325549279,47.84,115,54.35966133670749,8.697545813873198,34.79018325549279,18.822464543176864,272.0169331646258
2-Step Lite,200000,4,Weekend holding,weekend,0.18,0.18,768,499,138,89.7,0.12,10.880677326585033,60.879322673414975,7.305518720809797,10.764,29.222074883239188,43.056,138,60.879322673414975,7.305518720809797,29.222074883239188,18.822464543176864,272.0169331646258
2-Step Lite,200000,4,Weekly 70% split,weekly,0.06,0.06,768,499,46,29.900000000000002,0.07,13.60084665823129,10.319153341768711,0.7223407339238098,2.0930000000000004,2.8893629356952393,8.372000000000002,46,10.319153341768711,0.7223407339238098,2.8893629356952393,18.822464543176864,272.0169331646258
2-Step Lite,200000,4,On-demand 90% split,ondemand,0.2,0.2,768,499,154,100.10000000000001,0.08,34.002116645578226,46.077883354421786,3.686230668353743,8.008000000000001,14.744922673414973,32.032000000000004,154,46.077883354421786,3.686230668353743,14.744922673414973,18.822464543176864,272.0169331646258
2-Step Pro,5000,6,News trading,news,0.15,0.15,69,45,10,6.5,0.28,0.1325423474223783,5.067457652577622,1.4188881427217344,1.8200000000000003,8.513328856330407,10.920000000000002,10,5.067457652577622,1.4188881427217344,8.513328856330407,5.612847612342026,6.627117371118915
2-Step Pro,5000,6,Weekend holding,weekend,0.18,0.18,69,45,12,7.800000000000001,0.2,0.2650846948447566,5.974915305155244,1.194983061031049,1.5600000000000003,7.169898366186294,9.360000000000001,12,5.974915305155244,1.194983061031049,7.169898366186294,5.612847612342026,6.627117371118915
2-Step Pro,5000,6,Weekly 70% split,weekly,0.06,0.06,69,45,4,2.6,0.12,0.3313558685559458,1.7486441314440544,0.20983729577328653,0.312,1.259023774639719,1.8719999999999999,4,1.7486441314440544,0.20983729577328653,1.259023774639719,5.612847612342026,6.627117371118915
2-Step Pro,5000,6,On-demand 90% split,ondemand,0.2,0.2,69,45,14,9.1,0.16,0.8283896713898644,6.451610328610136,1.0322576525776217,1.456,6.19354591546573,8.736,14,6.451610328610136,1.0322576525776217,6.19354591546573,5.612847612342026,6.627117371118915
2-Step Pro,10000,12,News trading,news,0.15,0.15,91,59,14,9.1,0.28,0.2650846948447566,7.0149153051552435,1.9641762854434683,2.548,23.57011542532162,30.576,14,7.0149153051552435,1.9641762854434683,23.57011542532162,7.9758653533870785,13.25423474223783
2-Step Pro,10000,12,Weekend holding,weekend,0.18,0.18,91,59,16,10.4,0.2,0.5301693896895132,7.789830610310487,1.5579661220620975,2.08,18.69559346474517,24.96,16,7.789830610310487,1.5579661220620975,18.69559346474517,7.9758653533870785,13.25423474223783
2-Step Pro,10000,12,Weekly 70% split,weekly,0.06,0.06,91,59,5,3.25,0.12,0.6627117371118916,1.9372882628881085,0.23247459154657302,0.39,2.789695098558876,4.68,5,1.9372882628881085,0.23247459154657302,2.789695098558876,7.9758653533870785,13.25423474223783
2-Step Pro,10000,12,On-demand 90% split,ondemand,0.2,0.2,91,59,18,11.700000000000001,0.16,1.6567793427797288,7.703220657220273,1.2325153051552438,1.872,14.790183661862926,22.464000000000002,18,7.703220657220273,1.2325153051552438,14.790183661862926,7.9758653533870785,13.25423474223783
2-Step Pro,25000,16,News trading,news,0.15,0.15,146,95,22,14.3,0.28,0.6627117371118915,10.77728826288811,3.017640713608671,4.0040000000000004,48.282251417738735,64.06400000000001,22,10.77728826288811,3.017640713608671,48.282251417738735,10.264918576522234,33.135586855594575
2-Step Pro,25000,16,Weekend holding,weekend,0.18,0.18,146,95,26,16.900000000000002,0.2,1.325423474223783,12.19457652577622,2.4389153051552444,3.380000000000001,39.02264488248391,54.08000000000001,26,12.19457652577622,2.4389153051552444,39.02264488248391,10.264918576522234,33.135586855594575
2-Step Pro,25000,16,Weekly 70% split,weekly,0.06,0.06,146,95,9,5.8500000000000005,0.12,1.6567793427797288,3.023220657220272,0.3627864788664326,0.7020000000000001,5.804583661862922,11.232000000000001,9,3.023220657220272,0.3627864788664326,5.804583661862922,10.264918576522234,33.135586855594575
2-Step Pro,25000,16,On-demand 90% split,ondemand,0.2,0.2,146,95,29,18.85,0.16,4.141948356949322,10.938051643050681,1.750088262888109,3.0160000000000005,28.001412206209743,48.25600000000001,29,10.938051643050681,1.750088262888109,28.001412206209743,10.264918576522234,33.135586855594575
2-Step Pro,50000,14,News trading,news,0.15,0.15,245,159,37,24.05,0.28,1.325423474223783,17.91457652577622,5.016081427217342,6.734000000000001,70.22513998104279,94.27600000000001,37,17.91457652577622,5.016081427217342,70.22513998104279,17.2800072817475,66.27117371118915
2-Step Pro,50000,14,Weekend holding,weekend,0.18,0.18,245,159,44,28.6,0.2,2.650846948447566,20.229153051552437,4.045830610310488,5.720000000000001,56.64162854434683,80.08000000000001,44,20.229153051552437,4.045830610310488,56.64162854434683,17.2800072817475,66.27117371118915
2-Step Pro,50000,14,Weekly 70% split,weekly,0.06,0.06,245,159,15,9.75,0.12,3.3135586855594577,4.486441314440543,0.5383729577328652,1.17,7.5372214082601126,16.38,15,4.486441314440543,0.5383729577328652,7.5372214082601126,17.2800072817475,66.27117371118915
2-Step Pro,50000,14,On-demand 90% split,ondemand,0.2,0.2,245,159,49,31.85,0.16,8.283896713898644,17.196103286101362,2.751376525776218,5.096,38.51927136086705,71.344,49,17.196103286101362,2.751376525776218,38.51927136086705,17.2800072817475,66.27117371118915
2-Step Pro,100000,10,News trading,news,0.15,0.15,445,289,67,43.550000000000004,0.28,2.650846948447566,32.18915305155244,9.012962854434683,12.194000000000003,90.12962854434683,121.94000000000003,67,32.18915305155244,9.012962854434683,90.12962854434683,32.910184692198044,132.5423474223783
2-Step Pro,100000,10,Weekend holding,weekend,0.18,0.18,445,289,80,52.0,0.2,5.301693896895132,36.29830610310487,7.259661220620974,10.4,72.59661220620974,104.0,80,36.29830610310487,7.259661220620974,72.59661220620974,32.910184692198044,132.5423474223783
2-Step Pro,100000,10,Weekly 70% split,weekly,0.06,0.06,445,289,27,17.55,0.12,6.627117371118915,7.412882628881086,0.8895459154657303,2.106,8.895459154657303,21.06,27,7.412882628881086,0.8895459154657303,8.895459154657303,32.910184692198044,132.5423474223783
2-Step Pro,100000,10,On-demand 90% split,ondemand,0.2,0.2,445,289,89,57.85,0.16,16.567793427797287,29.712206572202714,4.753953051552434,9.256,47.53953051552435,92.56,89,29.712206572202714,4.753953051552434,47.53953051552435,32.910184692198044,132.5423474223783
2-Step Pro,200000,5,News trading,news,0.15,0.15,888,577,133,86.45,0.28,5.301693896895132,63.85830610310488,17.880325708869368,24.206000000000003,89.40162854434683,121.03000000000002,133,63.85830610310488,17.880325708869368,89.40162854434683,86.5705395130991,265.0846948447566
2-Step Pro,200000,5,Weekend holding,weekend,0.18,0.18,888,577,160,104.0,0.2,10.603387793790263,72.59661220620974,14.519322441241949,20.8,72.59661220620974,104.0,160,72.59661220620974,14.519322441241949,72.59661220620974,86.5705395130991,265.0846948447566
2-Step Pro,200000,5,Weekly 70% split,weekly,0.06,0.06,888,577,53,34.45,0.12,13.25423474223783,14.305765257762172,1.7166918309314605,4.134,8.583459154657302,20.67,53,14.305765257762172,1.7166918309314605,8.583459154657302,86.5705395130991,265.0846948447566
2-Step Pro,200000,5,On-demand 90% split,ondemand,0.2,0.2,888,577,178,115.7,0.16,33.135586855594575,59.42441314440543,9.507906103104869,18.512,47.53953051552435,92.56,178,59.42441314440543,9.507906103104869,47.53953051552435,86.5705395130991,265.0846948447566
