Plan,Size,Rec_sale,Rec_list,Rec_m,E_payout,E_cost,P_pay,BE,px_20,px_40,px_60,Live_sale,Live_m,Family_median,vs_median,vs_BE,vs_20,vs_40,vs_60
Instant,5000,63,97,0.305353990981139,43.76269856818824,43.76269856818824,0.2207,43.76269856818824,54.7033732102353,72.93783094698041,109.4067464204706,72.0,0.3921847421084966,63.0,0.0,43.95821569786751,15.16657255829401,-13.625070581279509,-42.416713720853
Instant,10000,99,152,0.11590507943054057,87.52539713637648,87.52539713637648,0.2207,87.52539713637648,109.4067464204706,145.87566189396082,218.8134928409412,121.0,0.2766496104431695,103.0,-3.8834951456310662,13.110026619753024,-9.511978704197565,-32.13398402814819,-54.75598935209878
Instant,25000,175,269,-0.2503628162339497,218.8134928409412,218.8134928409412,0.2207,218.8134928409412,273.51686605117646,364.689154734902,547.0337321023529,242.0,0.095812013053962,177.5,-1.4084507042253502,-20.02321350118472,-36.01857080094777,-52.013928100710835,-68.00928540047389
Instant,50000,279,429,-0.5685555042361375,437.6269856818824,437.6269856818824,0.2207,437.6269856818824,547.0337321023529,729.378309469804,1094.067464204706,389.0,-0.1250051045806745,284.0,-1.7605633802816878,-36.247075905230105,-48.99766072418408,-61.74824554313807,-74.49883036209204
Instant,100000,499,768,-0.7540159746768833,875.2539713637648,875.2539713637648,0.2207,875.2539713637648,1094.067464204706,1458.756618939608,2188.134928409412,676.0,-0.2947543955085278,513.0,-2.729044834307992,-42.98797648155882,-54.39038118524706,-65.79278588893528,-77.19519059262353
1-Step,5000,36,55,0.7617755903949398,5.405198745782165,8.576078745782166,0.08808,5.927272946949476,7.4090911836868445,9.878788244915793,14.818182367373687,36.0,0.7617755903949398,50.0,-28.000000000000004,507.3619406801187,385.88955254409495,264.41716440807124,142.94477627204753
1-Step,10000,60,92,0.7317467084739278,10.81039749156433,16.09519749156433,0.08808,11.854545893898951,14.818182367373687,19.757576489831585,29.636364734747374,60.0,0.7317467084739278,79.0,-24.0506329113924,406.1349505667656,304.90796045341256,203.68097034005936,102.45398022670629
1-Step,25000,120,185,0.6867033855924097,27.025993728910823,37.59559372891083,0.08808,29.63636473474737,37.04545591843421,49.39394122457896,74.09091183686843,120.0,0.6867033855924097,183.5,-34.60490463215259,304.90796045341256,223.92636836273013,142.94477627204753,61.96318418136504
1-Step,50000,193,297,0.6318578888195769,54.051987457821646,71.05142745782165,0.08808,59.27272946949475,74.09091183686843,98.78788244915792,148.18182367373686,193.0,0.6318578888195769,280.5,-31.194295900178247,225.61348486461927,160.49078789169542,95.36809091877154,30.24539394584771
1-Step,100000,335,515,0.5892215674159902,108.10397491564328,137.6107749156433,0.08808,118.5454589389895,148.18182367373686,197.57576489831584,296.3636473474737,335.0,0.5892215674159902,488.5,-31.422722620266118,182.5920140664442,126.07361125315535,69.55520843986649,13.036805626577674
1-Step,200000,654,1006,0.5813268045393172,216.20794983128656,273.8122698312866,0.08808,237.090917877979,296.3636473474737,395.1515297966317,592.7272946949474,654.0,0.5813268045393172,913.5,-28.407224958949094,175.8435480588873,120.67483844710986,65.50612883533238,10.337419223554933
2-Step Lite,5000,18,28,0.5160387039380196,6.800423329115645,8.711303329115646,0.10616,7.608099133083824,9.51012391635478,12.680165221806377,19.02024783270956,18.0,0.5160387039380196,32.0,-43.75,136.5899771432655,89.2719817146124,41.95398628595925,-5.364009142693805
2-Step Lite,10000,33,51,0.48169313156874877,13.60084665823129,17.10412665823129,0.10616,15.216198266167648,19.02024783270956,25.36033044361275,38.04049566541912,33.0,0.4816931315687487,59.5,-44.53781512605042,116.87414571466005,73.49931657172802,30.12448742879601,-13.250341714135994
2-Step Lite,25000,66,102,0.37865641446093595,34.002116645578226,41.00867664557823,0.10616,38.04049566541912,47.5506195817739,63.40082610903188,95.1012391635478,66.0,0.3786564144609359,142.5,-53.68421052631579,73.49931657172802,38.79945325738243,4.0995899430367855,-30.600273371308784
2-Step Lite,50000,133,205,0.38252997525446275,68.00423329115645,82.12351329115646,0.10616,76.08099133083824,95.1012391635478,126.80165221806377,190.2024783270956,133.0,0.3825299752544627,230.5,-42.29934924078091,74.81370533363506,39.850964266908036,4.888223200181008,-30.074517866545982
2-Step Lite,100000,241,371,0.329489516255963,136.0084665823129,161.59302658231292,0.10616,152.1619826616765,190.2024783270956,253.6033044361275,380.4049566541912,241.0,0.329489516255963,399.0,-39.59899749373433,58.383845809797165,26.707076647837734,-4.969692514121704,-36.64646167608113
2-Step Lite,200000,477,734,0.32357389273663345,272.0169331646258,322.65525316462583,0.10616,304.323965323353,380.4049566541912,507.206608872255,760.8099133083824,477.0,0.3235738927366334,751.0,-36.48468708388815,56.7408598574134,25.39268788593072,-5.955484085551976,-37.30365605703464
2-Step Pro,5000,20,31,0.5486641314440541,6.627117371118915,9.026717371118917,0.11998,7.530644043452325,9.413305054315405,12.551073405753876,18.82661010863081,20.0,0.5486641314440542,32.0,-37.5,165.5815343893384,112.46522751147077,59.34892063360304,6.232613755735383
2-Step Pro,10000,36,55,0.5118468127156158,13.25423474223783,17.57351474223783,0.11998,15.06128808690465,18.82661010863081,25.10214681150775,37.65322021726162,36.0,0.5118468127156158,59.5,-39.49579831932773,139.02338095040454,91.21870476032367,43.41402857024272,-4.390647619838162
2-Step Pro,25000,85,131,0.49018956640476974,33.135586855594575,43.33388685559457,0.11998,37.65322021726163,47.06652527157703,62.75536702876938,94.13305054315406,85.0,0.4901895664047697,142.5,-40.35087719298246,125.74430423093763,80.59544338475013,35.446582538562566,-9.702278307624933
2-Step Pro,50000,163,251,0.47344838213994384,66.27117371118915,85.82791371118915,0.11998,75.30644043452325,94.13305054315406,125.51073405753876,188.2661010863081,163.0,0.4734483821399438,230.5,-29.28416485900217,116.44895052731079,73.15916042184864,29.86937031638648,-13.420419789075677
2-Step Pro,100000,296,455,0.4322417992487219,132.5423474223783,168.0564274223783,0.11998,150.6128808690465,188.2661010863081,251.0214681150775,376.5322021726162,296.0,0.4322417992487219,399.0,-25.814536340852136,96.5303354481104,57.22426835848835,17.91820126886625,-21.387865820755824
2-Step Pro,200000,577,888,0.42060111812000595,265.0846948447566,334.3131548447566,0.11998,301.225761738093,376.5322021726162,502.042936230155,753.0644043452324,577.0,0.4206011181200059,751.0,-23.16910785619174,91.55068167831031,53.24054534264826,14.930409006986189,-23.37972732867587
