Plan,Size,Basis,P_pay_off,P_pay_on,P_yr1_off,P_yr1_on,E_off,E_on,BE_off,BE_on,BE_dlt,S_opex_off,S_opex_on,Locked,Rec,Changed,List,Left_off,Left_on,Loaded_on
Instant,5000,year-1,0.21900833333333333,0.22003333333333333,0.07101666666666666,0.07059166666666666,13.953925310580649,13.6093031005111,13.953925310580649,13.6093031005111,-0.34462221006954863,40.820655653049926,40.34680011420429,49,49,False,75,6.543475477560058,6.922559908636565,32.27744009136344
Instant,10000,year-1,0.21900833333333333,0.22003333333333333,0.07101666666666666,0.07059166666666666,27.907850621161298,27.2186062010222,27.907850621161298,27.2186062010222,-0.6892444201390973,60.54171515905716,59.5940040813659,69,69,False,106,6.76662787275427,7.524796734907277,47.675203265092726
Instant,25000,year-1,0.21900833333333333,0.22003333333333333,0.07101666666666666,0.07059166666666666,69.76962655290323,68.0465155025555,69.76962655290323,68.0465155025555,-1.7231110503477396,119.70489367707884,117.33561598285071,139,139,False,214,15.436085058336928,17.331507213719433,93.86849278628057
Instant,50000,year-1,0.21900833333333333,0.22003333333333333,0.07101666666666666,0.07059166666666666,139.53925310580647,136.093031005111,139.53925310580647,136.093031005111,-3.446222100695479,218.31019120711497,213.57163581865868,239,239,False,368,16.551847034308025,20.342691345073064,170.85730865492695
Instant,100000,year-1,0.21900833333333333,0.22003333333333333,0.07101666666666666,0.07059166666666666,279.07850621161293,272.186062010222,279.07850621161293,272.186062010222,-6.892444201390958,415.5207862671873,406.0436754902747,439,439,False,675,18.78337098625019,26.365059607780267,324.8349403922198
1-Step,5000,first,0.08682500000000001,0.09356666666666667,0.024675000000000002,0.027991666666666665,5.2291027016213105,6.214358938507985,5.7262876246297925,6.855836728394791,1.1295491037649983,33.104831779161884,34.65796179683876,36,36,False,55,2.316134576670489,1.0736305625289901,27.72636943747101
1-Step,10000,first,0.08682500000000001,0.09356666666666667,0.024675000000000002,0.027991666666666665,10.458205403242621,12.42871787701597,11.452575249259585,13.711673456789581,2.2590982075299966,41.60719750297943,44.713457538333174,60,60,False,92,14.714241997616455,12.229233969333457,35.77076603066654
1-Step,25000,first,0.08682500000000001,0.09356666666666667,0.024675000000000002,0.027991666666666665,26.14551350810655,31.07179469253992,28.63143812314896,34.27918364197395,5.6477455188249905,67.11429467443206,74.87994476281642,120,120,False,185,42.30856426045435,36.09604418974686,59.90395581025314
1-Step,50000,first,0.08682500000000001,0.09356666666666667,0.024675000000000002,0.027991666666666665,52.2910270162131,62.14358938507984,57.26287624629792,68.5583672839479,11.295491037649981,109.62612329351977,125.15742347028849,193,193,False,297,66.69910136518419,54.27406122376921,100.1259387762308
1-Step,100000,first,0.08682500000000001,0.09356666666666667,0.024675000000000002,0.027991666666666665,104.5820540324262,124.28717877015968,114.52575249259584,137.1167345678958,22.590982075299962,194.6497805316952,225.71238088523265,335,335,False,515,112.28017557464383,87.43009529181387,180.56990470818613
1-Step,200000,first,0.08682500000000001,0.09356666666666667,0.024675000000000002,0.027991666666666665,209.1641080648524,248.57435754031937,229.05150498519168,274.2334691357916,45.181964150599924,364.697095008046,426.82229571512096,654,654,False,1006,231.4423239935632,181.74216342790328,341.45783657209677
2-Step Lite,5000,first,0.10094166666666667,0.11071666666666667,0.031033333333333333,0.03625833333333333,5.954406608440051,6.902766563683649,6.622936897057163,7.76216792212866,1.1392310250714974,37.934902473043906,39.50134513251722,42,42,False,65,3.2520780215648735,1.9989238939862233,31.601076106013778
2-Step Lite,10000,first,0.10094166666666667,0.11071666666666667,0.031033333333333333,0.03625833333333333,11.908813216880102,13.805533127367298,13.245873794114326,15.52433584425732,2.278462050142995,47.76446898244182,50.89735430138845,55,55,False,85,5.788424814046543,3.2821165588892427,40.71788344111076
2-Step Lite,25000,first,0.10094166666666667,0.11071666666666667,0.031033333333333333,0.03625833333333333,29.772033042200253,34.513832818418244,33.114684485285814,38.8108396106433,5.696155125357485,77.25316851063556,85.08538180800211,94,94,False,145,13.397465191491548,7.131694553598308,68.0683054464017
2-Step Lite,50000,first,0.10094166666666667,0.11071666666666667,0.031033333333333333,0.03625833333333333,59.544066084400505,69.02766563683649,66.22936897057163,77.6216792212866,11.39231025071497,126.40100105762514,142.0654276523582,149,149,False,229,18.079199153899893,5.5476578781134265,113.65234212188658
2-Step Lite,100000,first,0.10094166666666667,0.11071666666666667,0.031033333333333333,0.03625833333333333,119.08813216880101,138.05533127367298,132.45873794114326,155.2433584425732,22.78462050142994,224.69666615160426,256.02551934107044,269,269,False,414,35.442667078716596,10.379584527143663,204.82041547285635
2-Step Lite,200000,first,0.10094166666666667,0.11071666666666667,0.031033333333333333,0.03625833333333333,238.17626433760202,276.11066254734595,264.9174758822865,310.4867168851464,45.56924100285988,421.28799633956254,483.9457027184949,499,499,False,768,62.16960292835,12.043437825204137,387.1565621747959
2-Step Pro,5000,first,0.11626666666666667,0.12556666666666666,0.04033333333333333,0.036075,6.229546169866296,7.09057877206827,7.049124362401511,8.10876999054809,1.059645628146579,37.32185092312759,38.77886366182914,45,45,False,69,6.142519261497924,4.976909070536685,31.023090929463315
2-Step Pro,10000,first,0.11626666666666667,0.12556666666666666,0.04033333333333333,0.036075,12.459092339732592,14.18115754413654,14.098248724803023,16.21753998109618,2.119291256293158,47.70598918537642,50.62001466277952,59,59,False,91,9.035208651698866,6.703988269776389,40.496011730223614
2-Step Pro,25000,first,0.11626666666666667,0.12556666666666666,0.04033333333333333,0.036075,31.147730849331477,35.45289386034135,35.245621812007556,40.54384995274046,5.298228140732903,78.85840397212286,86.1434676656306,95,95,False,146,12.913276822301711,7.085225867495524,68.91477413250448
2-Step Pro,50000,first,0.11626666666666667,0.12556666666666666,0.04033333333333333,0.036075,62.295461698662955,70.9057877206827,70.49124362401511,81.08769990548092,10.596456281465805,130.77909528336693,145.3492226703824,159,159,False,245,22.576723773306455,10.920621863694066,116.27937813630594
2-Step Pro,100000,first,0.11626666666666667,0.12556666666666666,0.04033333333333333,0.036075,124.59092339732591,141.8115754413654,140.98248724803022,162.17539981096184,21.19291256293161,234.62047790585507,263.760732679886,289,289,False,445,43.50361767531595,20.191413856091174,211.00858614390884
2-Step Pro,200000,first,0.11626666666666667,0.12556666666666666,0.04033333333333333,0.036075,249.18184679465182,283.6231508827308,281.96497449606045,324.35079962192367,42.38582512586322,442.30324315083135,500.5837526988933,577,577,False,888,107.75740547933492,61.132997840885366,400.46700215911466
