Kind,Plan,Size,Addon,Pct,List,Sticker,Sale,E,P_pay,BE,px_20,px_40,px_60,Cost,Sale_m
challenge,Instant,5000,Challenge,,75,49.00,49.0000,13.609303,0.220033,13.609303,17.011629,22.682172,34.023258,13.609303,0.722259
challenge,Instant,10000,Challenge,,106,69.00,69.0000,27.218606,0.220033,27.218606,34.023258,45.364344,68.046516,27.218606,0.605527
challenge,Instant,25000,Challenge,,229,149.00,149.0000,68.046516,0.220033,68.046516,85.058144,113.410859,170.116289,68.046516,0.543312
challenge,Instant,50000,Challenge,,368,239.00,239.0000,136.093031,0.220033,136.093031,170.116289,226.821718,340.232578,136.093031,0.430573
challenge,Instant,100000,Challenge,,675,439.00,439.0000,272.186062,0.220033,272.186062,340.232578,453.643437,680.465155,272.186062,0.379986
challenge,1-Step,5000,Challenge,,69,45.00,45.0000,6.214359,0.093567,6.855837,8.569796,11.426395,17.139592,10.424859,0.768336
challenge,1-Step,10000,Challenge,,106,69.00,69.0000,12.428718,0.093567,13.711673,17.139592,22.852789,34.279184,18.884818,0.726307
challenge,1-Step,25000,Challenge,,198,129.00,129.0000,31.071795,0.093567,34.279184,42.848980,57.131973,85.697959,43.141895,0.665567
challenge,1-Step,50000,Challenge,,337,219.00,219.0000,62.143589,0.093567,68.558367,85.697959,114.263945,171.395918,82.634689,0.622673
challenge,1-Step,100000,Challenge,,583,379.00,379.0000,124.287179,0.093567,137.116735,171.395918,228.527891,342.791836,159.748945,0.578499
challenge,1-Step,200000,Challenge,,1075,699.00,699.0000,248.574358,0.093567,274.233469,342.791836,457.055782,685.583673,313.977458,0.550819
challenge,2-Step Lite,5000,Challenge,,60,39.00,39.0000,6.902767,0.110717,7.762168,9.702710,12.936947,19.405420,11.220717,0.712289
challenge,2-Step Lite,10000,Challenge,,85,55.00,55.0000,13.805533,0.110717,15.524336,19.405420,25.873893,38.810840,19.894950,0.638274
challenge,2-Step Lite,25000,Challenge,,177,115.00,115.0000,34.513833,0.110717,38.810840,48.513550,64.684733,97.027099,47.246249,0.589163
challenge,2-Step Lite,50000,Challenge,,260,169.00,169.0000,69.027666,0.110717,77.621679,97.027099,129.369465,194.054198,87.738782,0.480836
challenge,2-Step Lite,100000,Challenge,,475,309.00,309.0000,138.055331,0.110717,155.243358,194.054198,258.738931,388.108396,172.266781,0.442502
challenge,2-Step Lite,200000,Challenge,,922,599.00,599.0000,276.110663,0.110717,310.486717,388.108396,517.477861,776.216792,342.429946,0.428331
challenge,2-Step Pro,5000,Challenge,,69,45.00,45.0000,7.090579,0.125567,8.108770,10.135962,13.514617,20.271925,12.741079,0.716865
challenge,2-Step Pro,10000,Challenge,,91,59.00,59.0000,14.181158,0.125567,16.217540,20.271925,27.029233,40.543850,21.589591,0.634075
challenge,2-Step Pro,25000,Challenge,,192,125.00,125.0000,35.452894,0.125567,40.543850,50.679812,67.573083,101.359625,51.148727,0.590810
challenge,2-Step Pro,50000,Challenge,,306,199.00,199.0000,70.905788,0.125567,81.087700,101.359625,135.146167,202.719250,95.893554,0.518123
challenge,2-Step Pro,100000,Challenge,,537,349.00,349.0000,141.811575,0.125567,162.175400,202.719250,270.292333,405.438500,185.634342,0.468096
challenge,2-Step Pro,200000,Challenge,,1075,699.00,699.0000,283.623151,0.125567,324.350800,405.438500,540.584666,810.876999,371.394251,0.468678
addon,Instant,5000,Weekend Holding,0.1500,75,11.00,7.1500,1.088744,0.000000,1.088744,1.360930,1.814574,2.721861,1.088744,0.847728
addon,Instant,5000,Weekly 70%,0.0600,75,5.00,3.2500,1.088744,0.000000,1.088744,1.360930,1.814574,2.721861,1.088744,0.665002
addon,Instant,5000,On Demand 90%,0.3200,75,24.00,15.6000,5.579814,0.000000,5.579814,6.974768,9.299690,13.949536,5.579814,0.642320
addon,Instant,10000,Weekend Holding,0.1500,106,16.00,10.4000,2.177488,0.000000,2.177488,2.721861,3.629147,5.443721,2.177488,0.790626
addon,Instant,10000,Weekly 70%,0.0600,106,6.00,3.9000,2.177488,0.000000,2.177488,2.721861,3.629147,5.443721,2.177488,0.441670
addon,Instant,10000,On Demand 90%,0.3200,106,34.00,22.1000,11.159629,0.000000,11.159629,13.949536,18.599381,27.899071,11.159629,0.495039
addon,Instant,25000,Weekend Holding,0.1500,229,34.00,22.1000,5.443721,0.000000,5.443721,6.804652,9.072869,13.609303,5.443721,0.753678
addon,Instant,25000,Weekly 70%,0.0600,229,14.00,9.1000,5.443721,0.000000,5.443721,6.804652,9.072869,13.609303,5.443721,0.401789
addon,Instant,25000,On Demand 90%,0.3200,229,73.00,47.4500,27.899071,0.000000,27.899071,34.873839,46.498452,69.747678,27.899071,0.412032
addon,Instant,50000,Weekend Holding,0.1500,368,55.00,35.7500,10.887442,0.000000,10.887442,13.609303,18.145737,27.218606,10.887442,0.695456
addon,Instant,50000,Weekly 70%,0.0600,368,22.00,14.3000,10.887442,0.000000,10.887442,13.609303,18.145737,27.218606,10.887442,0.238640
addon,Instant,50000,On Demand 90%,0.3200,368,118.00,76.7000,55.798143,0.000000,55.798143,69.747678,92.996905,139.495357,55.798143,0.272514
addon,Instant,100000,Weekend Holding,0.1500,675,101.00,65.6500,21.774885,0.000000,21.774885,27.218606,36.291475,54.437212,21.774885,0.668319
addon,Instant,100000,Weekly 70%,0.0600,675,41.00,26.6500,21.774885,0.000000,21.774885,27.218606,36.291475,54.437212,21.774885,0.182931
addon,Instant,100000,On Demand 90%,0.3200,675,216.00,140.4000,111.596285,0.000000,111.596285,139.495357,185.993809,278.990714,111.596285,0.205155
addon,1-Step,5000,Weekend Holding,0.1500,69,10.00,6.5000,0.274233,0.000000,0.274233,0.342792,0.457056,0.685584,0.274233,0.957810
addon,1-Step,5000,Weekly 70%,0.0600,69,4.00,2.6000,0.342792,0.000000,0.342792,0.428490,0.571320,0.856980,0.342792,0.868157
addon,1-Step,5000,On Demand 90%,0.1500,69,10.00,6.5000,0.856980,0.000000,0.856980,1.071224,1.428299,2.142449,0.856980,0.868157
addon,1-Step,10000,Weekend Holding,0.1500,106,16.00,10.4000,0.548467,0.000000,0.548467,0.685584,0.914112,1.371167,0.548467,0.947263
addon,1-Step,10000,Weekly 70%,0.0600,106,6.00,3.9000,0.685584,0.000000,0.685584,0.856980,1.142639,1.713959,0.685584,0.824209
addon,1-Step,10000,On Demand 90%,0.1500,106,16.00,10.4000,1.713959,0.000000,1.713959,2.142449,2.856599,4.284898,1.713959,0.835196
addon,1-Step,25000,Weekend Holding,0.1500,198,30.00,19.5000,1.371167,0.000000,1.371167,1.713959,2.285279,3.427918,1.371167,0.929684
addon,1-Step,25000,Weekly 70%,0.0600,198,12.00,7.8000,1.713959,0.000000,1.713959,2.142449,2.856599,4.284898,1.713959,0.780262
addon,1-Step,25000,On Demand 90%,0.1500,198,30.00,19.5000,4.284898,0.000000,4.284898,5.356122,7.141497,10.712245,4.284898,0.780262
addon,1-Step,50000,Weekend Holding,0.1500,337,51.00,33.1500,2.742335,0.000000,2.742335,3.427918,4.570558,6.855837,2.742335,0.917275
addon,1-Step,50000,Weekly 70%,0.0600,337,20.00,13.0000,3.427918,0.000000,3.427918,4.284898,5.713197,8.569796,3.427918,0.736314
addon,1-Step,50000,On Demand 90%,0.1500,337,51.00,33.1500,8.569796,0.000000,8.569796,10.712245,14.282993,21.424490,8.569796,0.741484
addon,1-Step,100000,Weekend Holding,0.1500,583,87.00,56.5500,5.484669,0.000000,5.484669,6.855837,9.141116,13.711673,5.484669,0.903012
addon,1-Step,100000,Weekly 70%,0.0600,583,35.00,22.7500,6.855837,0.000000,6.855837,8.569796,11.426395,17.139592,6.855837,0.698645
addon,1-Step,100000,On Demand 90%,0.1500,583,87.00,56.5500,17.139592,0.000000,17.139592,21.424490,28.565986,42.848980,17.139592,0.696913
addon,1-Step,200000,Weekend Holding,0.1500,1075,161.00,104.6500,10.969339,0.000000,10.969339,13.711673,18.282231,27.423347,10.969339,0.895181
addon,1-Step,200000,Weekly 70%,0.0600,1075,65.00,42.2500,13.711673,0.000000,13.711673,17.139592,22.852789,34.279184,13.711673,0.675463
addon,1-Step,200000,On Demand 90%,0.1500,1075,161.00,104.6500,34.279184,0.000000,34.279184,42.848980,57.131973,85.697959,34.279184,0.672440
addon,2-Step Lite,5000,Weekend Holding,0.1500,60,9.00,5.8500,0.310487,0.000000,0.310487,0.388108,0.517478,0.776217,0.310487,0.946925
addon,2-Step Lite,5000,Weekly 70%,0.0600,60,4.00,2.6000,0.388108,0.000000,0.388108,0.485135,0.646847,0.970271,0.388108,0.850728
addon,2-Step Lite,5000,On Demand 90%,0.1500,60,9.00,5.8500,0.970271,0.000000,0.970271,1.212839,1.617118,2.425677,0.970271,0.834142
addon,2-Step Lite,10000,Weekend Holding,0.1500,85,13.00,8.4500,0.620973,0.000000,0.620973,0.776217,1.034956,1.552434,0.620973,0.926512
addon,2-Step Lite,10000,Weekly 70%,0.0600,85,5.00,3.2500,0.776217,0.000000,0.776217,0.970271,1.293695,1.940542,0.776217,0.761164
addon,2-Step Lite,10000,On Demand 90%,0.1500,85,13.00,8.4500,1.940542,0.000000,1.940542,2.425677,3.234237,4.851355,1.940542,0.770350
addon,2-Step Lite,25000,Weekend Holding,0.1500,177,27.00,17.5500,1.552434,0.000000,1.552434,1.940542,2.587389,3.881084,1.552434,0.911542
addon,2-Step Lite,25000,Weekly 70%,0.0600,177,11.00,7.1500,1.940542,0.000000,1.940542,2.425677,3.234237,4.851355,1.940542,0.728596
addon,2-Step Lite,25000,On Demand 90%,0.1500,177,27.00,17.5500,4.851355,0.000000,4.851355,6.064194,8.085592,12.128387,4.851355,0.723570
addon,2-Step Lite,50000,Weekend Holding,0.1500,260,39.00,25.3500,3.104867,0.000000,3.104867,3.881084,5.174779,7.762168,3.104867,0.877520
addon,2-Step Lite,50000,Weekly 70%,0.0600,260,16.00,10.4000,3.881084,0.000000,3.881084,4.851355,6.468473,9.702710,3.881084,0.626819
addon,2-Step Lite,50000,On Demand 90%,0.1500,260,39.00,25.3500,9.702710,0.000000,9.702710,12.128387,16.171183,24.256775,9.702710,0.617250
addon,2-Step Lite,100000,Weekend Holding,0.1500,475,71.00,46.1500,6.209734,0.000000,6.209734,7.762168,10.349557,15.524336,6.209734,0.865445
addon,2-Step Lite,100000,Weekly 70%,0.0600,475,29.00,18.8500,7.762168,0.000000,7.762168,9.702710,12.936947,19.405420,7.762168,0.588214
addon,2-Step Lite,100000,On Demand 90%,0.1500,475,71.00,46.1500,19.405420,0.000000,19.405420,24.256775,32.342366,48.513550,19.405420,0.579514
addon,2-Step Lite,200000,Weekend Holding,0.1500,922,138.00,89.7000,12.419469,0.000000,12.419469,15.524336,20.699114,31.048672,12.419469,0.861544
addon,2-Step Lite,200000,Weekly 70%,0.0600,922,55.00,35.7500,15.524336,0.000000,15.524336,19.405420,25.873893,38.810840,15.524336,0.565753
addon,2-Step Lite,200000,On Demand 90%,0.1500,922,138.00,89.7000,38.810840,0.000000,38.810840,48.513550,64.684733,97.027099,38.810840,0.567326
addon,2-Step Pro,5000,Weekend Holding,0.1500,69,10.00,6.5000,0.324351,0.000000,0.324351,0.405438,0.540585,0.810877,0.324351,0.950100
addon,2-Step Pro,5000,Weekly 70%,0.0600,69,4.00,2.6000,0.405438,0.000000,0.405438,0.506798,0.675731,1.013596,0.405438,0.844062
addon,2-Step Pro,5000,On Demand 90%,0.1500,69,10.00,6.5000,1.013596,0.000000,1.013596,1.266995,1.689327,2.533991,1.013596,0.844062
addon,2-Step Pro,10000,Weekend Holding,0.1500,91,14.00,9.1000,0.648702,0.000000,0.648702,0.810877,1.081169,1.621754,0.648702,0.928714
addon,2-Step Pro,10000,Weekly 70%,0.0600,91,5.00,3.2500,0.810877,0.000000,0.810877,1.013596,1.351462,2.027192,0.810877,0.750499
addon,2-Step Pro,10000,On Demand 90%,0.1500,91,14.00,9.1000,2.027192,0.000000,2.027192,2.533991,3.378654,5.067981,2.027192,0.777232
addon,2-Step Pro,25000,Weekend Holding,0.1500,192,29.00,18.8500,1.621754,0.000000,1.621754,2.027192,2.702923,4.054385,1.621754,0.913965
addon,2-Step Pro,25000,Weekly 70%,0.0600,192,12.00,7.8000,2.027192,0.000000,2.027192,2.533991,3.378654,5.067981,2.027192,0.740104
addon,2-Step Pro,25000,On Demand 90%,0.1500,192,29.00,18.8500,5.067981,0.000000,5.067981,6.334977,8.446635,12.669953,5.067981,0.731142
addon,2-Step Pro,50000,Weekend Holding,0.1500,306,46.00,29.9000,3.243508,0.000000,3.243508,4.054385,5.405847,8.108770,3.243508,0.891521
addon,2-Step Pro,50000,Weekly 70%,0.0600,306,18.00,11.7000,4.054385,0.000000,4.054385,5.067981,6.757308,10.135962,4.054385,0.653471
addon,2-Step Pro,50000,On Demand 90%,0.1500,306,46.00,29.9000,10.135962,0.000000,10.135962,12.669953,16.893271,25.339906,10.135962,0.661005
addon,2-Step Pro,100000,Weekend Holding,0.1500,537,81.00,52.6500,6.487016,0.000000,6.487016,8.108770,10.811693,16.217540,6.487016,0.876790
addon,2-Step Pro,100000,Weekly 70%,0.0600,537,32.00,20.8000,8.108770,0.000000,8.108770,10.135962,13.514617,20.271925,8.108770,0.610155
addon,2-Step Pro,100000,On Demand 90%,0.1500,537,81.00,52.6500,20.271925,0.000000,20.271925,25.339906,33.786542,50.679812,20.271925,0.614968
addon,2-Step Pro,200000,Weekend Holding,0.1500,1075,161.00,104.6500,12.974032,0.000000,12.974032,16.217540,21.623387,32.435080,12.974032,0.876025
addon,2-Step Pro,200000,Weekly 70%,0.0600,1075,65.00,42.2500,16.217540,0.000000,16.217540,20.271925,27.029233,40.543850,16.217540,0.616153
addon,2-Step Pro,200000,On Demand 90%,0.1500,1075,161.00,104.6500,40.543850,0.000000,40.543850,50.679812,67.573083,101.359625,40.543850,0.612577
